"Time","{application=""FEEDSERVICE"", error=""CompletionException"", outcome=""SERVER_ERROR"", uri=""/feeds/{userId}""}","{application=""FEEDSERVICE"", error=""DataAccessResourceFailureException"", outcome=""SERVER_ERROR"", uri=""/feeds/{userId}""}","{application=""FEEDSERVICE"", error=""IOException"", outcome=""SUCCESS"", uri=""/feeds/{userId}""}","{application=""GATEWAY"", error=""AnnotatedConnectException"", outcome=""SERVER_ERROR"", uri=""UNKNOWN""}","{application=""GATEWAY"", error=""ConnectTimeoutException"", outcome=""SERVER_ERROR"", uri=""UNKNOWN""}","{application=""POSTSERVICE"", error=""EOFException"", outcome=""CLIENT_ERROR"", uri=""/posts""}","{application=""POSTSERVICE"", error=""IOException"", outcome=""SUCCESS"", uri=""/posts/{id}/like""}","{application=""POSTSERVICE"", error=""ObjectOptimisticLockingFailureException"", outcome=""SERVER_ERROR"", uri=""/posts/{id}/comments""}","{application=""POSTSERVICE"", error=""ObjectOptimisticLockingFailureException"", outcome=""SERVER_ERROR"", uri=""/posts/{id}/like""}","{application=""STATISTICSERVICE"", error=""JpaSystemException"", outcome=""SERVER_ERROR"", uri=""/trends/posts""}","{application=""USERSERVICE"", error=""IOException"", outcome=""SUCCESS"", uri=""/users/search""}","{application=""USERSERVICE"", error=""IOException"", outcome=""SUCCESS"", uri=""/users/{id}/followers""}"
2024-08-05 16:33:45,,,,1,,,,,,,,
2024-08-05 16:33:50,,,,1,,,,,,,,
2024-08-05 16:33:55,,,,1,,,,,,,,
2024-08-05 16:34:00,,,,1,2,,,,,,,
2024-08-05 16:34:05,,,,1,2,,,,,,,
2024-08-05 16:34:10,,,,1,2,,,,,,,
2024-08-05 16:34:15,,,,1,5,,,,,,,
2024-08-05 16:34:20,,,,1,5,,,,,,,
2024-08-05 16:34:25,,,,1,5,,,,,,,
2024-08-05 16:34:30,,,,1,5,,,,,,,
2024-08-05 16:34:35,,,,1,5,,,,,,,
2024-08-05 16:34:40,,,,1,5,,,,,,,
2024-08-05 16:34:45,,,,1,5,,,,,,,
2024-08-05 16:34:50,,,,1,5,,,,,,,
2024-08-05 16:34:55,,,,1,5,,,,,,,
2024-08-05 16:35:00,,,,1,5,,,,,,,
2024-08-05 16:35:05,,,,1,5,,,,,,,
2024-08-05 16:35:10,,,,1,5,,,,,,,
2024-08-05 16:35:15,,,,3,5,,,,,,,
2024-08-05 16:35:20,,,,3,5,,,,,,,
2024-08-05 16:35:25,,,,3,5,,,,,,,
2024-08-05 16:35:30,,,,3,11,,,,,,,
2024-08-05 16:35:35,,,,3,11,,,,,,,
2024-08-05 16:35:40,,,,3,11,,,,,,,
2024-08-05 16:35:45,,,,3,20,,,,,,,
2024-08-05 16:35:50,,,,3,20,,,,,,,
2024-08-05 16:35:55,,,,3,20,,,,,,,
2024-08-05 16:36:00,,,,3,27,,,,,,,
2024-08-05 16:36:05,,,,3,27,,,,,,,
2024-08-05 16:36:10,,,,3,27,,,,,,,
2024-08-05 16:36:15,,,,3,32,,,,,,,
2024-08-05 16:36:20,,,,3,32,,,,,,,
2024-08-05 16:36:25,,,,3,32,,,,,,,
2024-08-05 16:36:30,,,,3,32,,,,,,,
2024-08-05 16:36:35,,,,3,32,,,,,,,
2024-08-05 16:36:40,,,,3,32,,,,,,,
2024-08-05 16:36:45,,,,3,32,,,,,,,
2024-08-05 16:36:50,,,,3,32,,,,,,,
2024-08-05 16:36:55,,,,3,32,,,,,,,
2024-08-05 16:37:00,,,,3,32,,,,,,,
2024-08-05 16:37:05,,,,3,32,,,,,,,
2024-08-05 16:37:10,,,,3,32,,,,,,,
2024-08-05 16:37:15,,,,3,32,,,,,,,
2024-08-05 16:37:20,,,,3,32,,,,,,,
2024-08-05 16:37:25,,,,3,32,,,,,,,
2024-08-05 16:37:30,,,,3,32,,,,,,,
2024-08-05 16:37:35,,,,3,32,,,,,,,
2024-08-05 16:37:40,,,,3,32,,,,,,,
2024-08-05 16:37:45,,,,3,32,,,,,,,
2024-08-05 16:37:50,,,,3,32,,,,,,,
2024-08-05 16:37:55,,,,3,32,,,,,,,
2024-08-05 16:38:00,,,,3,32,,,,,,,
2024-08-05 16:38:05,,,,3,32,,,,,,,
2024-08-05 16:38:10,,,,3,32,,,,,,,
2024-08-05 16:38:15,,,,3,32,,,,,,,
2024-08-05 16:38:20,,,,3,32,,,,,,,
2024-08-05 16:38:25,,,,3,32,,,,,,,
2024-08-05 16:38:30,,,,3,32,,,,,,,
2024-08-05 16:38:35,,,,3,32,,,,,,,
2024-08-05 16:38:40,,,,3,32,,,,,,,
2024-08-05 16:38:45,,,,3,32,,,,,,,
2024-08-05 16:38:50,,,,3,32,,,,,,,
2024-08-05 16:38:55,,,,3,32,,,,,,,
2024-08-05 16:39:00,,,,3,32,,,,,,,
2024-08-05 16:39:05,,,,3,32,,,,,,,
2024-08-05 16:39:10,,,,3,32,,,,,,,
2024-08-05 16:39:15,,,,3,32,,,,,,,
2024-08-05 16:39:20,,,,3,32,,,,,,,
2024-08-05 16:39:25,,,,3,32,,,,,,,
2024-08-05 16:39:30,,,,3,32,,,,,,,
2024-08-05 16:39:35,,,,3,32,,,,,,,
2024-08-05 16:39:40,,,,3,32,,,,,,,
2024-08-05 16:39:45,,,,3,32,,,,,,,
2024-08-05 16:39:50,,,,3,32,,,,,,,
2024-08-05 16:39:55,,,,3,32,,,,,,,
2024-08-05 16:40:00,,,,3,32,,,,,,,
2024-08-05 16:40:05,,,,3,32,,,,,,,
2024-08-05 16:40:10,,,,3,32,,,,,,,
2024-08-05 16:40:15,,,,3,32,,,,,,,
2024-08-05 16:40:20,,,,3,32,,,,,,,
2024-08-05 16:40:25,,,,3,32,,,,,,,
2024-08-05 16:40:30,,,,3,32,,,,,,,
2024-08-05 16:40:35,,,,3,32,,,,,,,
2024-08-05 16:40:40,,,,3,32,,,,,,,
2024-08-05 16:40:45,,,,3,32,,,,,,,
2024-08-05 16:40:50,,,,3,32,,,,,,,
2024-08-05 16:40:55,,,,3,32,,,,,,,
2024-08-05 16:41:00,,,,3,32,,,,,,,
2024-08-05 16:41:05,,,,3,32,,,,,,,
2024-08-05 16:41:10,,,,3,32,,,,,,,
2024-08-05 16:41:15,,,,3,32,,,,,,,
2024-08-05 16:41:20,,,,3,32,,,,,,,
2024-08-05 16:41:25,,,,3,32,,,,,,,
2024-08-05 16:41:30,,,,3,32,,,,,,,
2024-08-05 16:41:35,,,,3,32,,,,,,,
2024-08-05 16:41:40,,,,3,32,,,,,,,
2024-08-05 16:41:45,,,,3,32,,,,,,,
2024-08-05 16:41:50,,,,3,32,,,,,,,
2024-08-05 16:41:55,,,,3,32,,,,,,,
2024-08-05 16:42:00,,,,3,32,,,,,,,
2024-08-05 16:42:05,,,,3,32,,,,,,,
2024-08-05 16:42:10,,,,3,32,,,,,,,
2024-08-05 16:42:15,,,,3,32,,,,,,,
2024-08-05 16:42:20,,,,3,32,,,,,,,
2024-08-05 16:42:25,,,,3,32,,,,,,,
2024-08-05 16:42:30,,,,3,32,,,,,,,
2024-08-05 16:42:35,,,,3,32,,,,,,,
2024-08-05 16:42:40,,,,3,32,,,,,,,
2024-08-05 16:42:45,,,,3,32,,,,,,,
2024-08-05 16:42:50,,,,3,32,,,,,,,
2024-08-05 16:42:55,,,,3,32,,,,,,,
2024-08-05 16:43:00,,,,3,32,,,,,,,
2024-08-05 16:43:05,,,,3,32,,,,,,,
2024-08-05 16:43:10,,,,3,32,,,,,,,
2024-08-05 16:43:15,,,,3,32,,,,,,,
2024-08-05 16:43:20,,,,3,32,,,,,,,
2024-08-05 16:43:25,,,,3,32,,,,,,,
2024-08-05 16:43:30,,,,3,32,,,,,,,
2024-08-05 16:43:35,,,,3,32,,,,,,,
2024-08-05 16:43:40,,,,3,32,,,,,,,
2024-08-05 16:43:45,,,,3,34,,,,,,,
2024-08-05 16:43:50,,,,3,34,,,,,,,
2024-08-05 16:43:55,,,,3,34,,,,,,,
2024-08-05 16:44:00,,,,3,39,,,,,,,
2024-08-05 16:44:05,,,,3,39,,,,,,,
2024-08-05 16:44:10,,,,3,39,,,,,,,
2024-08-05 16:44:15,,,,3,42,,,,,,,
2024-08-05 16:44:20,,,,3,42,,,,,,,
2024-08-05 16:44:25,,,,3,42,,,,,,,
2024-08-05 16:44:30,,,,3,43,,,,,,,
2024-08-05 16:44:35,,,,3,43,,,,,,,
2024-08-05 16:44:40,,,,3,43,,,,,,,
2024-08-05 16:44:45,,,,3,43,,,,,,,
2024-08-05 16:44:50,,,,3,43,,,,,,,
2024-08-05 16:44:55,,,,3,43,,,,,,,
2024-08-05 16:45:00,,,,3,43,,,,,,,
2024-08-05 16:45:05,,,,3,43,,,,,,,
2024-08-05 16:45:10,,,,3,43,,,,,,,
2024-08-05 16:45:15,,,,3,43,,,,,,,
2024-08-05 16:45:20,,,,3,43,,,,,,,
2024-08-05 16:45:25,,,,3,43,,,,,,,
2024-08-05 16:45:30,,,,3,43,,,,,,,
2024-08-05 16:45:35,,,,3,43,,,,,,,
2024-08-05 16:45:40,,,,3,43,,,,,,,
2024-08-05 16:45:45,,,,3,43,,,,,,,
2024-08-05 16:45:50,,,,3,43,,,,,,,
2024-08-05 16:45:55,,,,3,43,,,,,,,
2024-08-05 16:46:00,,,,3,43,,,,,,,
2024-08-05 16:46:05,,,,3,43,,,,,,,
2024-08-05 16:46:10,,,,3,43,,,,,,,
2024-08-05 16:46:15,,,,3,43,,,,,,,
2024-08-05 16:46:20,,,,3,43,,,,,,,
2024-08-05 16:46:25,,,,3,43,,,,,,,
2024-08-05 16:46:30,,,,3,43,,,,,,,
2024-08-05 16:46:35,,,,3,43,,,,,,,
2024-08-05 16:46:40,,,,3,43,,,,,,,
2024-08-05 16:46:45,,,,3,43,,,,,,,
2024-08-05 16:46:50,,,,3,43,,,,,,,
2024-08-05 16:46:55,,,,3,43,,,,,,,
2024-08-05 16:47:00,,,,3,43,,,,,,,
2024-08-05 16:47:05,,,,3,43,,,,,,,
2024-08-05 16:47:10,,,,3,43,,,,,,,
2024-08-05 16:47:15,,,,3,43,,,,,,,
2024-08-05 16:47:20,,,,3,43,,,,,,,
2024-08-05 16:47:25,,,,3,43,,,,,,,
2024-08-05 16:47:30,,,,3,43,,,,,,,
2024-08-05 16:47:35,,,,3,43,,,,,,,
2024-08-05 16:47:40,,,,3,43,,,,,,,
2024-08-05 16:47:45,,,,3,43,,,,,,,
2024-08-05 16:47:50,,,,3,43,,,,,,,
2024-08-05 16:47:55,,,,3,43,,,,,,,
2024-08-05 16:48:00,,,,3,43,,,,,,,
2024-08-05 16:48:05,,,,3,43,,,,,,,
2024-08-05 16:48:10,,,,3,43,,,,,,,
2024-08-05 16:48:15,,,,3,43,,,,,,,
2024-08-05 16:48:20,,,,3,43,,,,,,,
2024-08-05 16:48:25,,,,3,43,,,,,,,
2024-08-05 16:48:30,,,,3,43,,,,,,,
2024-08-05 16:48:35,,,,3,43,,,,,,,
2024-08-05 16:48:40,,,,3,43,,,,,,,
2024-08-05 16:48:45,,,,3,43,,,,,,,
2024-08-05 16:48:50,,,,3,43,,,,,,,
2024-08-05 16:48:55,,,,3,43,,,,,,,
2024-08-05 16:49:00,,,,3,43,,,,,,,
2024-08-05 16:49:05,,,,3,43,,,,,,,
2024-08-05 16:49:10,,,,3,43,,,,,,,
2024-08-05 16:49:15,,,,3,43,,,,,,,
2024-08-05 16:49:20,,,,3,43,,,,,,,
2024-08-05 16:49:25,,,,3,43,,,,,,,
2024-08-05 16:49:30,,,,3,43,,,,,,,
2024-08-05 16:49:35,,,,3,43,,,,,,,
2024-08-05 16:49:40,,,,3,43,,,,,,,
2024-08-05 16:49:45,,,,3,43,,,,,,,
2024-08-05 16:49:50,,,,3,43,,,,,,,
2024-08-05 16:49:55,,,,3,43,,,,,,,
2024-08-05 16:50:00,,,,3,43,,,,,,,
2024-08-05 16:50:05,,,,3,43,,,,,,,
2024-08-05 16:50:10,,,,3,43,,,,,,,
2024-08-05 16:50:15,,,,3,43,,,,,,,
2024-08-05 16:50:20,,,,3,43,,,,,,,
2024-08-05 16:50:25,,,,3,43,,,,,,,
2024-08-05 16:50:30,,,,3,43,,,,,,,
2024-08-05 16:50:35,,,,3,43,,,,,,,
2024-08-05 16:50:40,,,,3,43,,,,,,,
2024-08-05 16:50:45,,,,3,43,,,,,,,
2024-08-05 16:50:50,,,,3,43,,,,,,,
2024-08-05 16:50:55,,,,3,43,,,,,,,
2024-08-05 16:51:00,,,,3,43,,,,,,,
2024-08-05 16:51:05,,,,3,43,,,,,,,
2024-08-05 16:51:10,,,,3,43,,,,,,,
2024-08-05 16:51:15,,,,3,43,,,,,,,
2024-08-05 16:51:20,,,,3,43,,,,,,,
2024-08-05 16:51:25,,,,3,43,,,,,,,
2024-08-05 16:51:30,,,,3,43,,,,,,,
2024-08-05 16:51:35,,,,3,43,,,,,,,
2024-08-05 16:51:40,,,,3,43,,,,,,,
2024-08-05 16:51:45,,,,3,43,,,,,,,
2024-08-05 16:51:50,,,,3,43,,,,,,,
2024-08-05 16:51:55,,,,3,43,,,,,,,
2024-08-05 16:52:00,,,,3,43,,,,,,,
2024-08-05 16:52:05,,,,3,43,,,,,,,
2024-08-05 16:52:10,,,,3,43,,,,,,,
2024-08-05 16:52:15,,,,3,43,,,,,,,
2024-08-05 16:52:20,,,,3,43,,,,,,,
2024-08-05 16:52:25,,,,3,43,,,,,,,
2024-08-05 16:52:30,,,,3,43,,,,,,,
2024-08-05 16:52:35,,,,3,43,,,,,,,
2024-08-05 16:52:40,,,,3,43,,,,,,,
2024-08-05 16:52:45,,,,3,43,,,,,,,
2024-08-05 16:52:50,,,,3,43,,,,,,,
2024-08-05 16:52:55,,,,3,43,,,,,,,
2024-08-05 16:53:00,,,,3,43,,,,,,,
2024-08-05 16:53:05,,,,3,43,,,,,,,
2024-08-05 16:53:10,,,,3,43,,,,,,,
2024-08-05 16:53:15,,,,3,43,,,,,,,
2024-08-05 16:53:20,,,,3,43,,,,,,,
2024-08-05 16:53:25,,,,3,43,,,,,,,
2024-08-05 16:53:30,,,,3,43,,,,,,,
2024-08-05 16:53:35,,,,3,43,,,,,,,
2024-08-05 16:53:40,,,,3,43,,,,,,,
2024-08-05 16:53:45,,,,3,43,,,,,,,
2024-08-05 16:53:50,,,,3,43,,,,,,,
2024-08-05 16:53:55,,,,3,43,,,,,,,
2024-08-05 16:54:00,,,,3,43,,,,,,,
2024-08-05 16:54:05,,,,3,43,,,,,,,
2024-08-05 16:54:10,,,,3,43,,,,,,,
2024-08-05 16:54:15,,,,3,43,,,,,,,
2024-08-05 16:54:20,,,,3,43,,,,,,,
2024-08-05 16:54:25,,,,3,43,,,,,,,
2024-08-05 16:54:30,,,,3,43,,,,,,,
2024-08-05 16:54:35,,,,3,43,,,,,,,
2024-08-05 16:54:40,,,,3,43,,,,,,,
2024-08-05 16:54:45,,,,3,43,,,,,,,
2024-08-05 16:54:50,,,,3,43,,,,,,,
2024-08-05 16:54:55,,,,3,43,,,,,,,
2024-08-05 16:55:00,,,,3,43,,,,,,,
2024-08-05 16:55:05,,,,3,43,,,,,,,
2024-08-05 16:55:10,,,,3,43,,,,,,,
2024-08-05 16:55:15,,,,3,43,,,,,,,
2024-08-05 16:55:20,,,,3,43,,,,,,,
2024-08-05 16:55:25,,,,3,43,,,,,,,
2024-08-05 16:55:30,,,,3,43,,,,,,,
2024-08-05 16:55:35,,,,3,43,,,,,,,
2024-08-05 16:55:40,,,,3,43,,,,,,,
2024-08-05 16:55:45,,,,3,43,,,,,,,
2024-08-05 16:55:50,,,,3,43,,,,,,,
2024-08-05 16:55:55,,,,3,43,,,,,,,
2024-08-05 16:56:00,,,,3,43,,,,,,,
2024-08-05 16:56:05,,,,3,43,,,,,,,
2024-08-05 16:56:10,,,,3,43,,,,,,,
2024-08-05 16:56:15,,,,3,43,,,,,,,
2024-08-05 16:56:20,,,,3,43,,,,,,,
2024-08-05 16:56:25,,,,3,43,,,,,,,
2024-08-05 16:56:30,,,,3,43,,,,,,,
2024-08-05 16:56:35,,,,3,43,,,,,,,
2024-08-05 16:56:40,,,,3,43,,,,,,,
2024-08-05 16:56:45,,,,3,43,,,,,,,
2024-08-05 16:56:50,,,,3,43,,,,,,,
2024-08-05 16:56:55,,,,3,43,,,,,,,
2024-08-05 16:57:00,,,,3,43,,,,,,,
2024-08-05 16:57:05,,,,3,43,,,,,,,
2024-08-05 16:57:10,,,,3,43,,,,,,,
2024-08-05 16:57:15,,,,3,43,,,,,,,
2024-08-05 16:57:20,,,,3,43,,,,,,,
2024-08-05 16:57:25,,,,3,43,,,,,,,
2024-08-05 16:57:30,,,,3,43,,,,,,,
2024-08-05 16:57:35,,,,3,43,,,,,,,
2024-08-05 16:57:40,,,,3,43,,,,,,,
2024-08-05 16:57:45,,,,3,43,,,,,,,
2024-08-05 16:57:50,,,,3,43,,,,,,,
2024-08-05 16:57:55,,,,3,43,,,,,,,
2024-08-05 16:58:00,,,,3,43,,,,,,,
2024-08-05 16:58:05,,,,3,43,,,,,,,
2024-08-05 16:58:10,,,,3,43,,,,,,,
2024-08-05 16:58:15,,,,3,43,,,,,,,
2024-08-05 16:58:20,,,,3,43,,,,,,,
2024-08-05 16:58:25,,,,3,43,,,,,,,
2024-08-05 16:58:30,,,,3,44,,,,,,,
2024-08-05 16:58:35,,,,3,44,,,,,,,
2024-08-05 16:58:40,,,,3,44,,,,,,,
2024-08-05 16:58:45,,,,3,44,,,,,,,
2024-08-05 16:58:50,,,,3,44,,,,,,,
2024-08-05 16:58:55,,,,3,44,,,,,,,
2024-08-05 16:59:00,,,,3,44,,,,,,,
2024-08-05 16:59:05,,,,3,44,,,,,,,
2024-08-05 16:59:10,,,,3,44,,,,,,,
2024-08-05 16:59:15,,,,3,44,,,,,,,
2024-08-05 16:59:20,,,,3,44,,,,,,,
2024-08-05 16:59:25,,,,3,44,,,,,,,
2024-08-05 16:59:30,,,,3,44,,,,,,,
2024-08-05 16:59:35,,,,3,44,,,,,,,
2024-08-05 16:59:40,,,,3,44,,,,,,,
2024-08-05 16:59:45,,,,3,44,,,,,,,
2024-08-05 16:59:50,,,,3,44,,,,,,,
2024-08-05 16:59:55,,,,3,44,,,,,,,
2024-08-05 17:00:00,,,,3,44,,,,,,,
2024-08-05 17:00:05,,,,3,44,,,,,,,
2024-08-05 17:00:10,,,,3,44,,,,,,,
2024-08-05 17:00:15,,,,3,44,,,,,,,
2024-08-05 17:00:20,,,,3,44,,,,,,,
2024-08-05 17:00:25,,,,3,44,,,,,,,
2024-08-05 17:00:30,,,,3,44,,,,,,,
2024-08-05 17:00:35,,,,3,44,,,,,,,
2024-08-05 17:00:40,,,,3,44,,,,,,,
2024-08-05 17:00:45,,,,3,44,,,,,,,
2024-08-05 17:00:50,,,,3,44,,,,,,,
2024-08-05 17:00:55,,,,3,44,,,,,,,
2024-08-05 17:01:00,,,,3,44,,,,,,,
2024-08-05 17:01:05,,,,3,44,,,,,,,
2024-08-05 17:01:10,,,,3,44,,,,,,,
2024-08-05 17:01:15,,,,3,44,,,,,,,
2024-08-05 17:01:20,,,,3,44,,,,,,,
2024-08-05 17:01:25,,,,3,44,,,,,,,
2024-08-05 17:01:30,,,,3,44,,,,,,,
2024-08-05 17:01:35,,,,3,44,,,,,,,
2024-08-05 17:01:40,,,,3,44,,,,,,,
2024-08-05 17:01:45,,,,3,44,,,,,,,
2024-08-05 17:01:50,,,,3,44,,,,,,,
2024-08-05 17:01:55,,,,3,44,,,,,,,
2024-08-05 17:02:00,,,,3,44,,,,,,,
2024-08-05 17:02:05,,,,3,44,,,,,,,
2024-08-05 17:02:10,,,,3,44,,,,,,,
2024-08-05 17:02:15,,,,3,44,,,,,,,
2024-08-05 17:02:20,,,,3,44,,,,,,,
2024-08-05 17:02:25,,,,3,44,,,,,,,
2024-08-05 17:02:30,,,,3,44,,,,,,,
2024-08-05 17:02:35,,,,3,44,,,,,,,
2024-08-05 17:02:40,,,,3,44,,,,,,,
2024-08-05 17:02:45,,,,3,44,,,,,,,
2024-08-05 17:02:50,,,,3,44,,,,,,,
2024-08-05 17:02:55,,,,3,44,,,,,,,
2024-08-05 17:03:00,,,,3,44,,,,,,,
2024-08-05 17:03:05,,,,3,44,,,,,,,
2024-08-05 17:03:10,,,,3,44,,,,,,,
2024-08-05 17:03:15,,,,3,44,,,,,,,
2024-08-05 17:03:20,,,,3,44,,,,,,,
2024-08-05 17:03:25,,,,3,44,,,,,,,
2024-08-05 17:03:30,,,,3,44,,,,,,,
2024-08-05 17:03:35,,,,3,44,,,,,,,
2024-08-05 17:03:40,,,,3,44,,,,,,,
2024-08-05 17:03:45,,,,3,44,,,,,,,
2024-08-05 17:03:50,,,,3,44,,,,,,,
2024-08-05 17:03:55,,,,3,44,,,,,,,
2024-08-05 17:04:00,,,,3,44,,,,,,,
2024-08-05 17:04:05,,,,3,44,,,,,,,
2024-08-05 17:04:10,,,,3,44,,,,,,,
2024-08-05 17:04:15,,,,3,44,,,,,,,
2024-08-05 17:04:20,,,,3,44,,,,,,,
2024-08-05 17:04:25,,,,3,44,,,,,,,
2024-08-05 17:04:30,,,,3,44,,,,,,,
2024-08-05 17:04:35,,,,3,44,,,,,,,
2024-08-05 17:04:40,,,,3,44,,,,,,,
2024-08-05 17:04:45,,,,3,44,,,,,,,
2024-08-05 17:04:50,,,,3,44,,,,,,,
2024-08-05 17:04:55,,,,3,44,,,,,,,
2024-08-05 17:05:00,,,,3,44,,,,,,,
2024-08-05 17:05:05,,,,3,44,,,,,,,
2024-08-05 17:05:10,,,,3,44,,,,,,,
2024-08-05 17:05:15,,,,3,44,,,,,,,
2024-08-05 17:05:20,,,,3,44,,,,,,,
2024-08-05 17:05:25,,,,3,44,,,,,,,
2024-08-05 17:05:30,,,,3,44,,,,,,,
2024-08-05 17:05:35,,,,3,44,,,,,,,
2024-08-05 17:05:40,,,,3,44,,,,,,,
2024-08-05 17:05:45,,,,3,44,,,,,,,
2024-08-05 17:05:50,,,,3,44,,,,,,,
2024-08-05 17:05:55,,,,3,44,,,,,,,
2024-08-05 17:06:00,,,,3,44,,,,,,,
2024-08-05 17:06:05,,,,3,44,,,,,,,
2024-08-05 17:06:10,,,,3,44,,,,,,,
2024-08-05 17:06:15,,,,3,44,,,,,,,
2024-08-05 17:06:20,,,,3,44,,,,,,,
2024-08-05 17:06:25,,,,3,44,,,,,,,
2024-08-05 17:06:30,,,,3,44,,,,,,,
2024-08-05 17:06:35,,,,3,44,,,,,,,
2024-08-05 17:06:40,,,,3,44,,,,,,,
2024-08-05 17:06:45,,,,3,44,,,,,,,
2024-08-05 17:06:50,,,,3,44,,,,,,,
2024-08-05 17:06:55,,,,3,44,,,,,,,
2024-08-05 17:07:00,,,,3,44,,,,,,,
2024-08-05 17:07:05,,,,3,44,,,,,,,
2024-08-05 17:07:10,,,,3,44,,,,,,,
2024-08-05 17:07:15,,,,3,44,,,,,,,
2024-08-05 17:07:20,,,,3,44,,,,,,,
2024-08-05 17:07:25,,,,3,44,,,,,,,
2024-08-05 17:07:30,,,,3,44,,,,,,,
2024-08-05 17:07:35,,,,3,44,,,,,,,
2024-08-05 17:07:40,,,,3,44,,,,,,,
2024-08-05 17:07:45,,,,3,44,,,,,,,
2024-08-05 17:07:50,,,,3,44,,,,,,,
2024-08-05 17:07:55,,,,3,44,,,,,,,
2024-08-05 17:08:00,,,,3,44,,,,,,,
2024-08-05 17:08:05,,,,3,44,,,,,,,
2024-08-05 17:08:10,,,,3,44,,,,,,,
2024-08-05 17:08:15,,,,3,44,,,,,,,
2024-08-05 17:08:20,,,,3,44,,,,,,,
2024-08-05 17:08:25,,,,3,44,,,,,,,
2024-08-05 17:08:30,,,,3,44,,,,,,,
2024-08-05 17:08:35,,,,3,44,,,,,,,
2024-08-05 17:08:40,,,,3,44,,,,,,,
2024-08-05 17:08:45,,,,3,44,,,,,,,
2024-08-05 17:08:50,,,,3,44,,,,,,,
2024-08-05 17:08:55,,,,3,44,,,,,,,
2024-08-05 17:09:00,,,,3,44,,,,,,,
2024-08-05 17:09:05,,,,3,44,,,,,,,
2024-08-05 17:09:10,,,,3,44,,,,,,,
2024-08-05 17:09:15,,,,3,44,,,,,,,
2024-08-05 17:09:20,,,,3,44,,,,,,,
2024-08-05 17:09:25,,,,3,44,,,,,,,
2024-08-05 17:09:30,,,,3,44,,,,,,,
2024-08-05 17:09:35,,,,3,44,,,,,,,
2024-08-05 17:09:40,,,,3,44,,,,,,,
2024-08-05 17:09:45,,,,3,44,,,,,,,
2024-08-05 17:09:50,,,,3,44,,,,,,,
2024-08-05 17:09:55,,,,3,44,,,,,,,
2024-08-05 17:10:00,,,,3,44,,,,,,,
2024-08-05 17:10:05,,,,3,44,,,,,,,
2024-08-05 17:10:10,,,,3,44,,,,,,,
2024-08-05 17:10:15,,,,3,44,,,,,,,
2024-08-05 17:10:20,,,,3,44,,,,,,,
2024-08-05 17:10:25,,,,3,44,,,,,,,
2024-08-05 17:10:30,,,,3,44,,,,,,,
2024-08-05 17:10:35,,,,3,44,,,,,,,
2024-08-05 17:10:40,,,,3,44,,,,,,,
2024-08-05 17:10:45,,,,3,44,,,,,,,
2024-08-05 17:10:50,,,,3,44,,,,,,,
2024-08-05 17:10:55,,,,3,44,,,,,,,
2024-08-05 17:11:00,,,,3,44,,,,,,,
2024-08-05 17:11:05,,,,3,44,,,,,,,
2024-08-05 17:11:10,,,,3,44,,,,,,,
2024-08-05 17:11:15,,,,3,44,,,,,,,
2024-08-05 17:11:20,,,,3,44,,,,,,,
2024-08-05 17:11:25,,,,3,44,,,,,,,
2024-08-05 17:11:30,,,,3,44,,,,,,,
2024-08-05 17:11:35,,,,3,44,,,,,,,
2024-08-05 17:11:40,,,,3,44,,,,,,,
2024-08-05 17:11:45,,,,3,44,,,,,,,
2024-08-05 17:11:50,,,,3,44,,,,,,,
2024-08-05 17:11:55,,,,3,44,,,,,,,
2024-08-05 17:12:00,,,,3,44,,,,,,,
2024-08-05 17:12:05,,,,3,44,,,,,,,
2024-08-05 17:12:10,,,,3,44,,,,,,,
2024-08-05 17:12:15,,,,3,44,,,,,,,
2024-08-05 17:12:20,,,,3,44,,,,,,,
2024-08-05 17:12:25,,,,3,44,,,,,,,
2024-08-05 17:12:30,,,,3,44,,,,,,,
2024-08-05 17:12:35,,,,3,44,,,,,,,
2024-08-05 17:12:40,,,,3,44,,,,,,,
2024-08-05 17:12:45,,,,3,44,,,,,,,
2024-08-05 17:12:50,,,,3,44,,,,,,,
2024-08-05 17:12:55,,,,3,44,,,,,,,
2024-08-05 17:13:00,,,,3,44,,,,,,,
2024-08-05 17:13:05,,,,3,44,,,,,,,
2024-08-05 17:13:10,,,,3,44,,,,,,,
2024-08-05 17:13:15,,,,3,44,,,,,,,
2024-08-05 17:13:20,,,,3,44,,,,,,,
2024-08-05 17:13:25,,,,3,44,,,,,,,
2024-08-05 17:13:30,,,,3,44,,,,,,,
2024-08-05 17:13:35,,,,3,44,,,,,,,
2024-08-05 17:13:40,,,,3,44,,,,,,,
2024-08-05 17:13:45,,,,3,44,,,,,,,
2024-08-05 17:13:50,,,,3,44,,,,,,,
2024-08-05 17:13:55,,,,3,44,,,,,,,
2024-08-05 17:14:00,,,,3,44,,,,,,,
2024-08-05 17:14:05,,,,3,44,,,,,,,
2024-08-05 17:14:10,,,,3,44,,,,,,,
2024-08-05 17:14:15,,,,3,44,,,,,,,
2024-08-05 17:14:20,,,,3,44,,,,,,,
2024-08-05 17:14:25,,,,3,44,,,,,,,
2024-08-05 17:14:30,,,,3,44,,,,,,,
2024-08-05 17:14:35,,,,3,44,,,,,,,
2024-08-05 17:14:40,,,,3,44,,,,,,,
2024-08-05 17:14:45,,,,3,44,,,,,,,
2024-08-05 17:14:50,,,,3,44,,,,,,,
2024-08-05 17:14:55,,,,3,44,,,,,,,
2024-08-05 17:15:00,,,,3,44,,,,,,,
2024-08-05 17:15:05,,,,3,44,,,,,,,
2024-08-05 17:15:10,,,,3,44,,,,,,,
2024-08-05 17:15:15,,,,3,44,,,,,,,
2024-08-05 17:15:20,,,,3,44,,,,,,,
2024-08-05 17:15:25,,,,3,44,,,,,,,
2024-08-05 17:15:30,,,,3,44,,,,,,,
2024-08-05 17:15:35,,,,3,44,,,,,,,
2024-08-05 17:15:40,,,,3,44,,,,,,,
2024-08-05 17:15:45,,,,3,44,,,,,,,
2024-08-05 17:15:50,,,,3,44,,,,,,,
2024-08-05 17:15:55,,,,3,44,,,,,,,
2024-08-05 17:16:00,,,,3,44,,,,,,,
2024-08-05 17:16:05,,,,3,44,,,,,,,
2024-08-05 17:16:10,,,,3,44,,,,,,,
2024-08-05 17:16:15,,,,3,44,,,,,,,
2024-08-05 17:16:20,,,,3,44,,,,,,,
2024-08-05 17:16:25,,,,3,44,,,,,,,
2024-08-05 17:16:30,,,,3,44,,,,,,,
2024-08-05 17:16:35,,,,3,44,,,,,,,
2024-08-05 17:16:40,,,,3,44,,,,,,,
2024-08-05 17:16:45,,,,3,44,,,,,,,
2024-08-05 17:16:50,,,,3,44,,,,,,,
2024-08-05 17:16:55,,,,3,44,,,,,,,
2024-08-05 17:17:00,,,,3,44,,,,,,,
2024-08-05 17:17:05,,,,3,44,,,,,,,
2024-08-05 17:17:10,,,,3,44,,,,,,,
2024-08-05 17:17:15,,,,3,44,,,,,,,
2024-08-05 17:17:20,,,,3,44,,,,,,,
2024-08-05 17:17:25,,,,3,44,,,,,,,
2024-08-05 17:17:30,,,,3,44,,,,,,,
2024-08-05 17:17:35,,,,3,44,,,,,,,
2024-08-05 17:17:40,,,,3,44,,,,,,,
2024-08-05 17:17:45,,,,3,44,,,,,,,
2024-08-05 17:17:50,,,,3,44,,,,,,,
2024-08-05 17:17:55,,,,3,44,,,,,,,
2024-08-05 17:18:00,,,,3,44,,,,,,,
2024-08-05 17:18:05,,,,3,44,,,,,,,
2024-08-05 17:18:10,,,,3,44,,,,,,,
2024-08-05 17:18:15,,,,3,44,,,,,,,
2024-08-05 17:18:20,,,,3,44,,,,,,,
2024-08-05 17:18:25,,,,3,44,,,,,,,
2024-08-05 17:18:30,,,,3,44,,,,,,,
2024-08-05 17:18:35,,,,3,44,,,,,,,
2024-08-05 17:18:40,,,,3,44,,,,,,,
2024-08-05 17:18:45,,,,3,44,,,,,,,
2024-08-05 17:18:50,,,,3,44,,,,,,,
2024-08-05 17:18:55,,,,3,44,,,,,,,
2024-08-05 17:19:00,,,,3,44,,,,,,,
2024-08-05 17:19:05,,,,3,44,,,,,,,
2024-08-05 17:19:10,,,,3,44,,,,,,,
2024-08-05 17:19:15,,,,4,44,,,,,,,
2024-08-05 17:19:20,,,,4,44,,,,,,,
2024-08-05 17:19:25,,,,4,44,,,,,,,
2024-08-05 17:19:30,,,,4,46,,,,,,,
2024-08-05 17:19:35,,,,4,46,,,,,,,
2024-08-05 17:19:40,,,,4,46,,,,,,,
2024-08-05 17:19:45,,,,4,48,,,,,,,
2024-08-05 17:19:50,,,,4,48,,,,,,,
2024-08-05 17:19:55,,,,4,48,,,,,,,
2024-08-05 17:20:00,,,,4,50,,,,,,,
2024-08-05 17:20:05,,,,4,50,,,,,,,
2024-08-05 17:20:10,,,,4,50,,,,,,,
2024-08-05 17:20:15,,,,4,52,,,,,,,
2024-08-05 17:20:20,,,,4,52,,,,,,,
2024-08-05 17:20:25,,,,4,52,,,,,,,
2024-08-05 17:20:30,,,,4,52,,,,,,,
2024-08-05 17:20:35,,,,4,52,,,,,,,
2024-08-05 17:20:40,,,,4,52,,,,,,,
2024-08-05 17:20:45,,,,4,52,,,,,,,
2024-08-05 17:20:50,,,,4,52,,,,,,,
2024-08-05 17:20:55,,,,4,52,,,,,,,
2024-08-05 17:21:00,,,,4,52,,,,,,,
2024-08-05 17:21:05,,,,4,52,,,,,,,
2024-08-05 17:21:10,,,,4,52,,,,,,,
2024-08-05 17:21:15,,,,4,52,,,,,,,
2024-08-05 17:21:20,,,,4,52,,,,,,,
2024-08-05 17:21:25,,,,4,52,,,,,,,
2024-08-05 17:21:30,,,,4,53,,,,,,,
2024-08-05 17:21:35,,,,4,53,,,,,,,
2024-08-05 17:21:40,,,,4,53,,,,,,,
2024-08-05 17:21:45,,,,4,54,,,,,,,
2024-08-05 17:21:50,,,,4,54,,,,,,,
2024-08-05 17:21:55,,,,4,54,,,,,,,
2024-08-05 17:22:00,,,,4,54,,,,,,,
2024-08-05 17:22:05,,,,4,54,,,,,,,
2024-08-05 17:22:10,,,,4,54,,,,,,,
2024-08-05 17:22:15,,,,4,54,,,,,,,
2024-08-05 17:22:20,,,,4,54,,,,,,,
2024-08-05 17:22:25,,,,4,54,,,,,,,
2024-08-05 17:22:30,,,,4,54,,,,,,,
2024-08-05 17:22:35,,,,4,54,,,,,,,
2024-08-05 17:22:40,,,,4,54,,,,,,,
2024-08-05 17:22:45,,,,4,54,,,,,,,
2024-08-05 17:22:50,,,,4,54,,,,,,,
2024-08-05 17:22:55,,,,4,54,,,,,,,
2024-08-05 17:23:00,,,,4,54,,,,,,,
2024-08-05 17:23:05,,,,4,54,,,,,,,
2024-08-05 17:23:10,,,,4,54,,,,,,,
2024-08-05 17:23:15,,,,4,54,,,,,,,
2024-08-05 17:23:20,,,,4,54,,,,,,,
2024-08-05 17:23:25,,,,4,54,,,,,,,
2024-08-05 17:23:30,,,,4,54,,,,,,,
2024-08-05 17:23:35,,,,4,54,,,,,,,
2024-08-05 17:23:40,,,,4,54,,,,,,,
2024-08-05 17:23:45,,,,4,54,,,,,,,
2024-08-05 17:23:50,,,,4,54,,,,,,,
2024-08-05 17:23:55,,,,4,54,,,,,,,
2024-08-05 17:24:00,,,,4,54,,,,,,,
2024-08-05 17:24:05,,,,4,54,,,,,,,
2024-08-05 17:24:10,,,,4,54,,,,,,,
2024-08-05 17:24:15,,,,4,54,,,,,,,
2024-08-05 17:24:20,,,,4,54,,,,,,,
2024-08-05 17:24:25,,,,4,54,,,,,,,
2024-08-05 17:24:30,,,,4,54,,,,,,,
2024-08-05 17:24:35,,,,4,54,,,,,,,
2024-08-05 17:24:40,,,,4,54,,,,,,,
2024-08-05 17:24:45,,,,4,54,,,,,,,
2024-08-05 17:24:50,,,,4,54,,,,,,,
2024-08-05 17:24:55,,,,4,54,,,,,,,
2024-08-05 17:25:00,,,,4,54,,,,,,,
2024-08-05 17:25:05,,,,4,54,,,,,,,
2024-08-05 17:25:10,,,,4,54,,,,,,,
2024-08-05 17:25:15,,,,4,54,,,,,,,
2024-08-05 17:25:20,,,,4,54,,,,,,,
2024-08-05 17:25:25,,,,4,54,,,,,,,
2024-08-05 17:25:30,,,,4,54,,,,,,,
2024-08-05 17:25:35,,,,4,54,,,,,,,
2024-08-05 17:25:40,,,,4,54,,,,,,,
2024-08-05 17:25:45,,,,4,54,,,,,,,
2024-08-05 17:25:50,,,,4,54,,,,,,,
2024-08-05 17:25:55,,,,4,54,,,,,,,
2024-08-05 17:26:00,,,,4,54,,,,,,,
2024-08-05 17:26:05,,,,4,54,,,,,,,
2024-08-05 17:26:10,,,,4,54,,,,,,,
2024-08-05 17:26:15,,,,4,55,,,,,,,
2024-08-05 17:26:20,,,,4,55,,,,,,,
2024-08-05 17:26:25,,,,4,55,,,,,,,
2024-08-05 17:26:30,,,,4,55,,,,,,,
2024-08-05 17:26:35,,,,4,55,,,,,,,
2024-08-05 17:26:40,,,,4,55,,,,,,,
2024-08-05 17:26:45,,,,4,55,,,,,,,
2024-08-05 17:26:50,,,,4,55,,,,,,,
2024-08-05 17:26:55,,,,4,55,,,,,,,
2024-08-05 17:27:00,,,,4,55,,,,,,,
2024-08-05 17:27:05,,,,4,55,,,,,,,
2024-08-05 17:27:10,,,,4,55,,,,,,,
2024-08-05 17:27:15,,,,4,55,,,,,,,
2024-08-05 17:27:20,,,,4,55,,,,,,,
2024-08-05 17:27:25,,,,4,55,,,,,,,
2024-08-05 17:27:30,,,,4,55,,,,,,,
2024-08-05 17:27:35,,,,4,55,,,,,,,
2024-08-05 17:27:40,,,,4,55,,,,,,,
2024-08-05 17:27:45,,,,4,55,,,,,,,
2024-08-05 17:27:50,,,,4,55,,,,,,,
2024-08-05 17:27:55,,,,4,55,,,,,,,
2024-08-05 17:28:00,,,,4,55,,,,,,,
2024-08-05 17:28:05,,,,4,55,,,,,,,
2024-08-05 17:28:10,,,,4,55,,,,,,,
2024-08-05 17:28:15,,,,4,55,,,,,,,
2024-08-05 17:28:20,,,,4,55,,,,,,,
2024-08-05 17:28:25,,,,4,55,,,,,,,
2024-08-05 17:28:30,,,,4,55,,,,,,,
2024-08-05 17:28:35,,,,4,55,,,,,,,
2024-08-05 17:28:40,,,,4,55,,,,,,,
2024-08-05 17:28:45,,,,4,55,,,,,,,
2024-08-05 17:28:50,,,,4,55,,,,,,,
2024-08-05 17:28:55,,,,4,55,,,,,,,
2024-08-05 17:29:00,,,,4,55,,,,,,,
2024-08-05 17:29:05,,,,4,55,,,,,,,
2024-08-05 17:29:10,,,,4,55,,,,,,,
2024-08-05 17:29:15,,,,4,55,,,,,,,
2024-08-05 17:29:20,,,,4,55,,,,,,,
2024-08-05 17:29:25,,,,4,55,,,,,,,
2024-08-05 17:29:30,,,,4,55,,,,,,,
2024-08-05 17:29:35,,,,4,55,,,,,,,
2024-08-05 17:29:40,,,,4,55,,,,,,,
2024-08-05 17:29:45,,,,4,55,,,,,,,
2024-08-05 17:29:50,,,,4,55,,,,,,,
2024-08-05 17:29:55,,,,4,55,,,,,,,
2024-08-05 17:30:00,,,,4,55,,,,,,,
2024-08-05 17:30:05,,,,4,55,,,,,,,
2024-08-05 17:30:10,,,,4,55,,,,,,,
2024-08-05 17:30:15,,,,4,55,,,,,,,
2024-08-05 17:30:20,,,,4,55,,,,,,,
2024-08-05 17:30:25,,,,4,55,,,,,,,
2024-08-05 17:30:30,,,,4,55,,,,,,,
2024-08-05 17:30:35,,,,4,55,,,,,,,
2024-08-05 17:30:40,,,,4,55,,,,,,,
2024-08-05 17:30:45,,,,4,55,,,,,,,
2024-08-05 17:30:50,,,,4,55,,,,,,,
2024-08-05 17:30:55,,,,4,55,,,,,,,
2024-08-05 17:31:00,,,,4,55,,,,,,,
2024-08-05 17:31:05,,,,4,55,,,,,,,
2024-08-05 17:31:10,,,,4,55,,,,,,,
2024-08-05 17:31:15,,,,4,55,,,,,,,
2024-08-05 17:31:20,,,,4,55,,,,,,,
2024-08-05 17:31:25,,,,4,55,,,,,,,
2024-08-05 17:31:30,,,,4,55,,,,,,,
2024-08-05 17:31:35,,,,4,55,,,,,,,
2024-08-05 17:31:40,,,,4,55,,,,,,,
2024-08-05 17:31:45,,,,4,55,,,,,,,
2024-08-05 17:31:50,,,,4,55,,,,,,,
2024-08-05 17:31:55,,,,4,55,,,,,,,
2024-08-05 17:32:00,,,,4,55,,,,,,,
2024-08-05 17:32:05,,,,4,55,,,,,,,
2024-08-05 17:32:10,,,,4,55,,,,,,,
2024-08-05 17:32:15,,,,4,55,,,,,,,
2024-08-05 17:32:20,,,,4,55,,,,,,,
2024-08-05 17:32:25,,,,4,55,,,,,,,
2024-08-05 17:32:30,,,,4,55,,,,,,,
2024-08-05 17:32:35,,,,4,55,,,,,,,
2024-08-05 17:32:40,,,,4,55,,,,,,,
2024-08-05 17:32:45,,,,4,55,,,,,,,
2024-08-05 17:32:50,,,,4,55,,,,,,,
2024-08-05 17:32:55,,,,4,55,,,,,,,
2024-08-05 17:33:00,,,,4,55,,,,,,,
2024-08-05 17:33:05,,,,4,55,,,,,,,
2024-08-05 17:33:10,,,,4,55,,,,,,,
2024-08-05 17:33:15,,,,4,55,,,,,,,
2024-08-05 17:33:20,,,,4,55,,,,,,,
2024-08-05 17:33:25,,,,4,55,,,,,,,
2024-08-05 17:33:30,,,,4,55,,,,,,,
2024-08-05 17:33:35,,,,4,55,,,,,,,
2024-08-05 17:33:40,,,,4,55,,,,,,,
2024-08-05 17:33:45,,,,4,55,,,,,,,
2024-08-05 17:33:50,,,,4,55,,,,,,,
2024-08-05 17:33:55,,,,4,55,,,,,,,
2024-08-05 17:34:00,,,,4,55,,,,,,,
2024-08-05 17:34:05,,,,4,55,,,,,,,
2024-08-05 17:34:10,,,,4,55,,,,,,,
2024-08-05 17:34:15,,,,4,55,,,,,,,
2024-08-05 17:34:20,,,,4,55,,,,,,,
2024-08-05 17:34:25,,,,4,55,,,,,,,
2024-08-05 17:34:30,,,,4,55,,,,,,,
2024-08-05 17:34:35,,,,4,55,,,,,,,
2024-08-05 17:34:40,,,,4,55,,,,,,,
2024-08-05 17:34:45,,,,4,55,,,,,,,
2024-08-05 17:34:50,,,,4,55,,,,,,,
2024-08-05 17:34:55,,,,4,55,,,,,,,
2024-08-05 17:35:00,,,,4,55,,,,,,,
2024-08-05 17:35:05,,,,4,55,,,,,,,
2024-08-05 17:35:10,,,,4,55,,,,,,,
2024-08-05 17:35:15,,,,4,55,,,,,,,
2024-08-05 17:35:20,,,,4,55,,,,,,,
2024-08-05 17:35:25,,,,4,55,,,,,,,
2024-08-05 17:35:30,,,,4,55,,,,,,,
2024-08-05 17:35:35,,,,4,55,,,,,,,
2024-08-05 17:35:40,,,,4,55,,,,,,,
2024-08-05 17:35:45,,,,4,55,,,,,,,
2024-08-05 17:35:50,,,,4,55,,,,,,,
2024-08-05 17:35:55,,,,4,55,,,,,,,
2024-08-05 17:36:00,,,,4,55,,,,,,,
2024-08-05 17:36:05,,,,4,55,,,,,,,
2024-08-05 17:36:10,,,,4,55,,,,,,,
2024-08-05 17:36:15,,,,4,55,,,,,,,
2024-08-05 17:36:20,,,,4,55,,,,,,,
2024-08-05 17:36:25,,,,4,55,,,,,,,
2024-08-05 17:36:30,,,,4,55,,,,,,,
2024-08-05 17:36:35,,,,4,55,,,,,,,
2024-08-05 17:36:40,,,,4,55,,,,,,,
2024-08-05 17:36:45,,,,4,55,,,,,,,
2024-08-05 17:36:50,,,,4,55,,,,,,,
2024-08-05 17:36:55,,,,4,55,,,,,,,
2024-08-05 17:37:00,,,,4,55,,,,,,,
2024-08-05 17:37:05,,,,4,55,,,,,,,
2024-08-05 17:37:10,,,,4,55,,,,,,,
2024-08-05 17:37:15,,,,6,57,,,,,,,
2024-08-05 17:37:20,,,,6,57,,,,,,,
2024-08-05 17:37:25,,,,6,57,,,,,,,
2024-08-05 17:37:30,,,,6,65,,,,,,,
2024-08-05 17:37:35,,,,6,65,,,,,,,
2024-08-05 17:37:40,,,,6,65,,,,,,,
2024-08-05 17:37:45,,,,6,65,,,,,,,
2024-08-05 17:37:50,,,,6,65,,,,,,,
2024-08-05 17:37:55,,,,6,65,,,,,,,
2024-08-05 17:38:00,,,,6,65,,,,,,,
2024-08-05 17:38:05,,,,6,65,,,,,,,
2024-08-05 17:38:10,,,,6,65,,,,,,,
2024-08-05 17:38:15,,,,6,65,,,,,,,
2024-08-05 17:38:20,,,,6,65,,,,,,,
2024-08-05 17:38:25,,,,6,65,,,,,,,
2024-08-05 17:38:30,,,,6,65,,,,,,,
2024-08-05 17:38:35,,,,6,65,,,,,,,
2024-08-05 17:38:40,,,,6,65,,,,,,,
2024-08-05 17:38:45,,,,6,65,,,,,,,
2024-08-05 17:38:50,,,,6,65,,,,,,,
2024-08-05 17:38:55,,,,6,65,,,,,,,
2024-08-05 17:39:00,,,,6,65,,,,,,,
2024-08-05 17:39:05,,,,6,65,,,,,,,
2024-08-05 17:39:10,,,,6,65,,,,,,,
2024-08-05 17:39:15,,,,6,65,,,,,,,
2024-08-05 17:39:20,,,,6,65,,,,,,,
2024-08-05 17:39:25,,,,6,65,,,,,,,
2024-08-05 17:39:30,,,,6,65,,,,,,,
2024-08-05 17:39:35,,,,6,65,,,,,,,
2024-08-05 17:39:40,,,,6,65,,,,,,,
2024-08-05 17:39:45,,,,6,65,,,,,,,
2024-08-05 17:39:50,,,,6,65,,,,,,,
2024-08-05 17:39:55,,,,6,65,,,,,,,
2024-08-05 17:40:00,,,,6,65,,,,,,,
2024-08-05 17:40:05,,,,6,65,,,,,,,
2024-08-05 17:40:10,,,,6,65,,,,,,,
2024-08-05 17:40:15,,,,6,65,,,,,,,
2024-08-05 17:40:20,,,,6,65,,,,,,,
2024-08-05 17:40:25,,,,6,65,,,,,,,
2024-08-05 17:40:30,,,,6,65,,,,,,,
2024-08-05 17:40:35,,,,6,65,,,,,,,
2024-08-05 17:40:40,,,,6,65,,,,,,,
2024-08-05 17:40:45,,,,6,65,,,,,,,
2024-08-05 17:40:50,,,,6,65,,,,,,,
2024-08-05 17:40:55,,,,6,65,,,,,,,
2024-08-05 17:41:00,,,,6,65,,,,,,,
2024-08-05 17:41:05,,,,6,65,,,,,,,
2024-08-05 17:41:10,,,,6,65,,,,,,,
2024-08-05 17:41:15,,,,6,65,,,,,,,
2024-08-05 17:41:20,,,,6,65,,,,,,,
2024-08-05 17:41:25,,,,6,65,,,,,,,
2024-08-05 17:41:30,,,,6,65,,,,,,,
2024-08-05 17:41:35,,,,6,65,,,,,,,
2024-08-05 17:41:40,,,,6,65,,,,,,,
2024-08-05 17:41:45,,,,10,65,,,,,,,
2024-08-05 17:41:50,,,,10,65,,,,,,,
2024-08-05 17:41:55,,,,10,65,,,,,,,
2024-08-05 17:42:00,,,,14,67,,,,,,,
2024-08-05 17:42:05,,,,14,67,,,,,,,
2024-08-05 17:42:10,1,,,14,67,,,,,,,
2024-08-05 17:42:15,1,,,14,69,,,,,,,
2024-08-05 17:42:20,1,,,14,69,,,,,1,,
2024-08-05 17:42:25,1,,,14,69,,,,,1,,
2024-08-05 17:42:30,1,,,14,69,,,,,1,,
2024-08-05 17:42:35,1,,,14,69,,,,,1,,
2024-08-05 17:42:40,1,,,14,69,,,,,1,,
2024-08-05 17:42:45,1,,,14,69,,,,,1,,
2024-08-05 17:42:50,1,,,14,69,,,,,1,,
2024-08-05 17:42:55,1,,,14,69,,,,,1,,
2024-08-05 17:43:00,1,,,14,69,,,,,1,,
2024-08-05 17:43:05,1,,,14,69,,,,,1,,
2024-08-05 17:43:10,1,,,14,69,,,,,1,,
2024-08-05 17:43:15,1,,,14,69,,,,,1,,
2024-08-05 17:43:20,1,,,14,69,,,,,1,,
2024-08-05 17:43:25,1,,,14,69,,,,,1,,
2024-08-05 17:43:30,1,,,14,69,,,,,1,,
2024-08-05 17:43:35,1,,,14,69,,,,,1,,
2024-08-05 17:43:40,1,,,14,69,,,,,1,,
2024-08-05 17:43:45,1,,,14,69,,,,,1,,
2024-08-05 17:43:50,1,,,14,69,,,,,1,,
2024-08-05 17:43:55,1,,,14,69,,,,,1,,
2024-08-05 17:44:00,1,,,14,69,,,,,1,,
2024-08-05 17:44:05,1,,,14,69,,,,,1,,
2024-08-05 17:44:10,1,,,14,69,,,,,1,,
2024-08-05 17:44:15,1,,,14,69,,,,,1,,
2024-08-05 17:44:20,1,,,14,69,,,,,1,,
2024-08-05 17:44:25,1,,,14,69,,,,,1,,
2024-08-05 17:44:30,1,,,14,69,,,,,1,,
2024-08-05 17:44:35,1,,,14,69,,,,,1,,
2024-08-05 17:44:40,1,,,14,69,,,,,1,,
2024-08-05 17:44:45,1,,,14,69,,,,,1,,
2024-08-05 17:44:50,1,,,14,69,,,,,1,,
2024-08-05 17:44:55,1,,,14,69,,,,,1,,
2024-08-05 17:45:00,1,,,14,69,,,,,1,,
2024-08-05 17:45:05,1,,,14,69,,,,,1,,
2024-08-05 17:45:10,1,,,14,69,,,,,1,,
2024-08-05 17:45:15,1,,,14,69,,,,,1,,
2024-08-05 17:45:20,1,,,14,69,,,,,1,,
2024-08-05 17:45:25,1,,,14,69,,,,,1,,
2024-08-05 17:45:30,1,,,14,69,,,,,1,,
2024-08-05 17:45:35,1,,,14,69,,,,,1,,
2024-08-05 17:45:40,1,,,14,69,,,,,1,,
2024-08-05 17:45:45,1,,,14,69,,,,,1,,
2024-08-05 17:45:50,1,,,14,69,,,,,1,,
2024-08-05 17:45:55,1,,,14,69,,,,,1,,
2024-08-05 17:46:00,1,,,14,69,,,,,1,,
2024-08-05 17:46:05,1,,,14,69,,,,,1,,
2024-08-05 17:46:10,1,,,14,69,,,,,1,,
2024-08-05 17:46:15,1,,,14,69,,,,,1,,
2024-08-05 17:46:20,1,,,14,69,,,,,1,,
2024-08-05 17:46:25,1,,,14,69,,,,,1,,
2024-08-05 17:46:30,1,,,14,69,,,,,1,,
2024-08-05 17:46:35,1,,,14,69,,,,,1,,
2024-08-05 17:46:40,1,,,14,69,,,,,1,,
2024-08-05 17:46:45,1,,,14,69,,,,,1,,
2024-08-05 17:46:50,1,,,14,69,,,,,1,,
2024-08-05 17:46:55,1,,,14,69,,,,,1,,
2024-08-05 17:47:00,1,,,14,69,,,,,1,,
2024-08-05 17:47:05,1,,,14,69,,,,,1,,
2024-08-05 17:47:10,,,,14,69,,,,,1,,
2024-08-05 17:47:15,,,,14,69,,,,,1,,
2024-08-05 17:47:20,,,,14,69,,,,,1,,
2024-08-05 17:47:25,,,,14,69,,,,,1,,
2024-08-05 17:47:30,,,,14,69,,,,,1,,
2024-08-05 17:47:35,,,,14,69,,,,,1,,
2024-08-05 17:47:40,,,,14,69,,,,,1,,
2024-08-05 17:47:45,,,,14,69,,,,,1,,
2024-08-05 17:47:50,,,,14,69,,,,,1,,
2024-08-05 17:47:55,,,,14,69,,,,,1,,
2024-08-05 17:48:00,,,,14,69,,,,,1,,
2024-08-05 17:48:05,,,,14,69,,,,,1,,
2024-08-05 17:48:10,,,,14,69,,,,,1,,
2024-08-05 17:48:15,,,,14,69,,,,,1,,
2024-08-05 17:48:20,,,,14,69,,,,,1,,
2024-08-05 17:48:25,,,,14,69,,,,,1,,
2024-08-05 17:48:30,,,,14,69,,,,,1,,
2024-08-05 17:48:35,,,,14,69,,,,,1,,
2024-08-05 17:48:40,,,,14,69,,,,,1,,
2024-08-05 17:48:45,,,,14,69,,,,,1,,
2024-08-05 17:48:50,,,,14,69,,,,,1,,
2024-08-05 17:48:55,,,,14,69,,,,,1,,
2024-08-05 17:49:00,,,,14,69,,,,,1,,
2024-08-05 17:49:05,,,,14,69,,,,,1,,
2024-08-05 17:49:10,,,,14,69,,,,,1,,
2024-08-05 17:49:15,,,,14,69,,,,,1,,
2024-08-05 17:49:20,,,,14,69,,,,,1,,
2024-08-05 17:49:25,,,,14,69,,,,,1,,
2024-08-05 17:49:30,,,,14,69,,,,,1,,
2024-08-05 17:49:35,,,,14,69,,,,,1,,
2024-08-05 17:49:40,,,,14,69,,,,,1,,
2024-08-05 17:49:45,,,,14,69,,,,,1,,
2024-08-05 17:49:50,,,,14,69,,,,,1,,
2024-08-05 17:49:55,,,,14,69,,,,,1,,
2024-08-05 17:50:00,,,,14,69,,,,,1,,
2024-08-05 17:50:05,,,,14,69,,,,,1,,
2024-08-05 17:50:10,,,,14,69,,,,,1,,
2024-08-05 17:50:15,,,,14,69,,,,,1,,
2024-08-05 17:50:20,,,,14,69,,,,,1,,
2024-08-05 17:50:25,,,,14,69,,,,,1,,
2024-08-05 17:50:30,,,,14,69,,,,,1,,
2024-08-05 17:50:35,,,,14,69,,,,,1,,
2024-08-05 17:50:40,,,,14,69,,,,,1,,
2024-08-05 17:50:45,,,,14,69,,,,,1,,
2024-08-05 17:50:50,,,,14,69,,,,,1,,
2024-08-05 17:50:55,,,,14,69,,,,,1,,
2024-08-05 17:51:00,,,,14,69,,,,,1,,
2024-08-05 17:51:05,,,,14,69,,,,,1,,
2024-08-05 17:51:10,,,,14,69,,,,,1,,
2024-08-05 17:51:15,,,,14,69,,,,,1,,
2024-08-05 17:51:20,,,,14,69,,,,,1,,
2024-08-05 17:51:25,,,,14,69,,,,,1,,
2024-08-05 17:51:30,,,,14,69,,,,,1,,
2024-08-05 17:51:35,,,,14,69,,,,,1,,
2024-08-05 17:51:40,,,,14,69,,,,,1,,
2024-08-05 17:51:45,,,,14,69,,,,,1,,
2024-08-05 17:51:50,,,,14,69,,,,,1,,
2024-08-05 17:51:55,,,,14,69,,,,,1,,
2024-08-05 17:52:00,,,,14,69,,,,,1,,
2024-08-05 17:52:05,,,,14,69,,,,,1,,
2024-08-05 17:52:10,,,,14,69,,,,,1,,
2024-08-05 17:52:15,,,,14,69,,,,,1,,
2024-08-05 17:52:20,,,,14,69,,,,,1,,
2024-08-05 17:52:25,,,,14,69,,,,,1,,
2024-08-05 17:52:30,,,,14,69,,,,,1,,
2024-08-05 17:52:35,,,,14,69,,,,,1,,
2024-08-05 17:52:40,,,,14,69,,,,,1,,
2024-08-05 17:52:45,,,,14,69,,,,,1,,
2024-08-05 17:52:50,,,,14,69,,,,,1,,
2024-08-05 17:52:55,,,,14,69,,,,,1,,
2024-08-05 17:53:00,,,,14,69,,,,,1,,
2024-08-05 17:53:05,,,,14,69,,,,,1,,
2024-08-05 17:53:10,,,,14,69,,,,,1,,
2024-08-05 17:53:15,,,,14,69,,,,,1,,
2024-08-05 17:53:20,,,,14,69,,,,,1,,
2024-08-05 17:53:25,,,,14,69,,,,,1,,
2024-08-05 17:53:30,,,,14,69,,,,,1,,
2024-08-05 17:53:35,,,,14,69,,,,,1,,
2024-08-05 17:53:40,,,,14,69,,,,,1,,
2024-08-05 17:53:45,,,,14,69,,,,,1,,
2024-08-05 17:53:50,,,,14,69,,,,,1,,
2024-08-05 17:53:55,,,,14,69,,,,,1,,
2024-08-05 17:54:00,,,,15,69,,,,1,1,,
2024-08-05 17:54:05,,,,15,69,,,,1,1,,
2024-08-05 17:54:10,,,,15,69,,,,1,1,,
2024-08-05 17:54:15,,,,15,69,,,,1,1,,
2024-08-05 17:54:20,,,,15,69,,,,1,1,,
2024-08-05 17:54:25,,,,15,69,,,,1,1,,
2024-08-05 17:54:30,,,,15,72,,,,1,1,,
2024-08-05 17:54:35,,,,15,72,,,,1,1,,
2024-08-05 17:54:40,,,,15,72,,,,1,1,,
2024-08-05 17:54:45,,,,15,72,,,,1,1,,
2024-08-05 17:54:50,,,,15,72,,,,1,1,,
2024-08-05 17:54:55,,,,15,72,,,,1,1,,
2024-08-05 17:55:00,,,,15,72,,,,1,1,,
2024-08-05 17:55:05,,,,15,72,,,,1,1,,
2024-08-05 17:55:10,,,,15,72,,,,1,1,,
2024-08-05 17:55:15,,,,15,72,,,,1,1,,
2024-08-05 17:55:20,,,,15,72,,,,1,1,,
2024-08-05 17:55:25,,,,15,72,,,,1,1,,
2024-08-05 17:55:30,,,,15,72,,,,1,1,,
2024-08-05 17:55:35,,,,15,72,,,,1,1,,
2024-08-05 17:55:40,,,,15,72,,,,1,1,,
2024-08-05 17:55:45,,,,15,72,,,,1,1,,
2024-08-05 17:55:50,,,,15,72,,,,1,1,,
2024-08-05 17:55:55,,,,15,72,,,,1,1,,
2024-08-05 17:56:00,,,,15,72,,,,1,1,,
2024-08-05 17:56:05,,,,15,72,,,,1,1,,
2024-08-05 17:56:10,,,,15,72,,,,1,1,,
2024-08-05 17:56:15,,,,15,72,,,,1,1,,
2024-08-05 17:56:20,,,,15,72,,,,1,1,,
2024-08-05 17:56:25,,,,15,72,,,,1,1,,
2024-08-05 17:56:30,,,,15,72,,,,1,1,,
2024-08-05 17:56:35,,,,15,72,,,,1,1,,
2024-08-05 17:56:40,,,,15,72,,,,1,1,,
2024-08-05 17:56:45,,,,15,72,,,,1,1,,
2024-08-05 17:56:50,,,,15,72,,,,1,1,,
2024-08-05 17:56:55,,,,15,72,,,,1,1,,
2024-08-05 17:57:00,,,,15,72,,,,1,1,,
2024-08-05 17:57:05,,,,15,72,,,,1,1,,
2024-08-05 17:57:10,,,,15,72,,,,1,1,,
2024-08-05 17:57:15,,,,15,72,,,,1,1,,
2024-08-05 17:57:20,,,,15,72,,,,1,1,,
2024-08-05 17:57:25,,,,15,72,,,,1,1,,
2024-08-05 17:57:30,,,,15,72,,,,1,1,,
2024-08-05 17:57:35,,,,15,72,,,,1,1,,
2024-08-05 17:57:40,,,,15,72,,,,1,1,,
2024-08-05 17:57:45,,,,15,72,,,,1,1,,
2024-08-05 17:57:50,,,,15,72,,,,1,1,,
2024-08-05 17:57:55,,,,15,72,,,,1,1,,
2024-08-05 17:58:00,,,,15,72,,,,1,1,,
2024-08-05 17:58:05,,,,15,72,,,,1,1,,
2024-08-05 17:58:10,,,,15,72,,,,1,1,,
2024-08-05 17:58:15,,,,15,72,,,,1,1,,
2024-08-05 17:58:20,,,,15,72,,,,1,1,,
2024-08-05 17:58:25,,,,15,72,,,,1,1,,
2024-08-05 17:58:30,,,,15,72,,,,1,1,,
2024-08-05 17:58:35,,,,15,72,,,,1,1,,
2024-08-05 17:58:40,,,,15,72,,,,1,1,,
2024-08-05 17:58:45,,,,15,72,,,,1,1,,
2024-08-05 17:58:50,,,,15,72,,,,1,1,,
2024-08-05 17:58:55,,,,15,72,,,,1,1,,
2024-08-05 17:59:00,,,,15,72,,,,1,1,,
2024-08-05 17:59:05,,,,15,72,,,,1,1,,
2024-08-05 17:59:10,,,,15,72,,,,1,1,,
2024-08-05 17:59:15,,,,15,72,,,,1,1,,
2024-08-05 17:59:20,,,,15,72,,,,1,1,,
2024-08-05 17:59:25,,,,15,72,,,,1,1,,
2024-08-05 17:59:30,,,,15,72,,,,1,1,,
2024-08-05 17:59:35,,,,15,72,,,,1,1,,
2024-08-05 17:59:40,,,,15,72,,,,1,1,,
2024-08-05 17:59:45,,,,15,72,,,,1,1,,
2024-08-05 17:59:50,,,,15,72,,,,1,1,,
2024-08-05 17:59:55,,,,15,72,,,,1,1,,
2024-08-05 18:00:00,,,,15,72,,,,1,1,,
2024-08-05 18:00:05,,,,15,72,,,,1,1,,
2024-08-05 18:00:10,,,,15,72,,,,1,1,,
2024-08-05 18:00:15,,,,15,72,,,,1,1,,
2024-08-05 18:00:20,,,,15,72,,,,1,1,,
2024-08-05 18:00:25,,,,15,72,,,,1,1,,
2024-08-05 18:00:30,,,,15,72,,,,1,1,,
2024-08-05 18:00:35,,,,15,72,,,,1,1,,
2024-08-05 18:00:40,,,,15,72,,,,1,1,,
2024-08-05 18:00:45,,,,15,72,,,,1,1,,
2024-08-05 18:00:50,,,,15,72,,,,1,1,,
2024-08-05 18:00:55,,,,15,72,,,,1,1,,
2024-08-05 18:01:00,,,,15,72,,,,1,1,,
2024-08-05 18:01:05,,,,15,72,,,,1,1,,
2024-08-05 18:01:10,,,,15,72,,,,1,1,,
2024-08-05 18:01:15,,,,15,72,,,,1,1,,
2024-08-05 18:01:20,,,,15,72,,,,1,1,,
2024-08-05 18:01:25,,,,15,72,,,,1,1,,
2024-08-05 18:01:30,,,,15,72,,,,1,1,,
2024-08-05 18:01:35,,,,15,72,,,,1,1,,
2024-08-05 18:01:40,,,,15,72,,,,1,1,,
2024-08-05 18:01:45,,,,15,72,,,,1,1,,
2024-08-05 18:01:50,,,,15,72,,,,1,1,,
2024-08-05 18:01:55,,,,15,72,,,,1,1,,
2024-08-05 18:02:00,,,,15,72,,,,1,1,,
2024-08-05 18:02:05,,,,15,72,,,,1,1,,
2024-08-05 18:02:10,,,,15,72,,,,1,1,,
2024-08-05 18:02:15,,,,15,72,,,,1,1,,
2024-08-05 18:02:20,,,,15,72,,,,1,1,,
2024-08-05 18:02:25,,,,15,72,,,,1,1,,
2024-08-05 18:02:30,,,,15,72,,,,1,1,,
2024-08-05 18:02:35,,,,15,72,,,,1,1,,
2024-08-05 18:02:40,,,,15,72,,,1,1,1,,
2024-08-05 18:02:45,,,,15,72,,,1,1,1,,
2024-08-05 18:02:50,,,,15,72,,,1,1,1,,
2024-08-05 18:02:55,,,,15,72,,,1,1,1,,
2024-08-05 18:03:00,,,,15,72,,,1,1,1,,
2024-08-05 18:03:05,,,,15,72,,,1,1,1,,
2024-08-05 18:03:10,,,,15,72,,,1,1,1,,
2024-08-05 18:03:15,,,,15,72,,,1,1,1,,
2024-08-05 18:03:20,,,,15,72,,,1,1,1,,
2024-08-05 18:03:25,,,,15,72,,,1,1,1,,
2024-08-05 18:03:30,,,,15,72,,,1,1,1,,
2024-08-05 18:03:35,,,,15,72,,,1,1,1,,
2024-08-05 18:03:40,,,,15,72,,,1,1,1,,
2024-08-05 18:03:45,,,,15,72,,,1,1,1,,
2024-08-05 18:03:50,,,,15,72,,,1,1,1,,
2024-08-05 18:03:55,,,,15,72,,,1,1,1,,
2024-08-05 18:04:00,,,,15,72,,,1,1,1,,
2024-08-05 18:04:05,,,,15,72,,,1,1,1,,
2024-08-05 18:04:10,,,,15,72,,,1,1,1,,
2024-08-05 18:04:15,,,,15,72,,,1,1,1,,
2024-08-05 18:04:20,,,,15,72,,,1,1,1,,
2024-08-05 18:04:25,,,,15,72,,,1,1,1,,
2024-08-05 18:04:30,,,,15,72,,,1,1,1,,
2024-08-05 18:04:35,,,,15,72,,,1,1,1,,
2024-08-05 18:04:40,,48,,15,72,,,1,1,1,,
2024-08-05 18:04:45,,48,,15,72,,,1,1,1,,
2024-08-05 18:04:50,,114,,15,72,,,1,1,1,,
2024-08-05 18:04:55,,293,,15,72,,,1,1,1,,
2024-08-05 18:05:00,,293,,15,72,,,1,1,1,,
2024-08-05 18:05:05,,340,,15,72,,,1,1,1,,
2024-08-05 18:05:10,,405,,15,72,,,1,1,1,,
2024-08-05 18:05:15,,405,,15,72,,,1,1,1,,
2024-08-05 18:05:20,,410,,15,72,,,1,1,1,,
2024-08-05 18:05:25,,492,,15,72,,,1,1,1,,
2024-08-05 18:05:30,,492,,15,72,,,1,1,1,,
2024-08-05 18:05:35,,492,,15,72,,,1,1,1,,
2024-08-05 18:05:40,,492,33,15,72,1,1,1,1,1,,1
2024-08-05 18:05:45,,492,35,15,72,1,1,1,1,1,1,3
2024-08-05 18:05:50,,492,35,15,72,1,1,1,1,1,1,3
2024-08-05 18:05:55,,492,35,15,72,1,1,1,1,1,1,3
2024-08-05 18:06:00,,492,35,15,72,1,1,1,1,1,1,3
2024-08-05 18:06:05,,492,35,15,72,1,1,1,1,1,1,3
2024-08-05 18:06:10,,492,35,15,72,1,1,1,1,1,1,3
2024-08-05 18:06:15,,492,35,15,72,1,1,1,1,1,1,3
2024-08-05 18:06:20,,492,35,15,72,1,1,1,1,1,1,3
2024-08-05 18:06:25,,492,35,15,72,1,1,1,1,1,1,3
2024-08-05 18:06:30,,492,35,15,72,1,1,1,1,1,1,3
2024-08-05 18:06:35,,492,35,15,72,1,1,1,1,1,1,3
2024-08-05 18:06:40,,492,35,15,72,1,1,1,1,1,1,3
2024-08-05 18:06:45,,492,35,15,72,1,1,1,1,1,1,3
2024-08-05 18:06:50,,492,35,15,72,1,1,1,1,1,1,3
2024-08-05 18:06:55,,492,35,15,72,1,1,1,1,1,1,3
2024-08-05 18:07:00,,492,35,15,72,1,1,1,1,1,1,3
2024-08-05 18:07:05,,492,35,15,72,1,1,1,1,1,1,3
2024-08-05 18:07:10,,492,35,15,72,1,1,1,1,1,1,3
2024-08-05 18:07:15,,492,35,15,72,1,1,1,1,1,1,3
2024-08-05 18:07:20,,492,35,15,72,1,1,1,1,1,1,3
2024-08-05 18:07:25,,492,35,15,72,1,1,1,1,1,1,3
2024-08-05 18:07:30,,492,35,15,72,1,1,1,1,1,1,3
2024-08-05 18:07:35,,492,35,15,72,1,1,1,1,1,1,3
2024-08-05 18:07:40,,492,35,15,72,1,1,1,1,1,1,3
2024-08-05 18:07:45,,492,35,15,72,1,1,1,1,1,1,3
2024-08-05 18:07:50,,492,35,15,72,1,1,1,1,1,1,3
2024-08-05 18:07:55,,492,35,15,72,1,1,1,1,1,1,3
2024-08-05 18:08:00,,492,35,15,72,1,1,1,1,1,1,3
2024-08-05 18:08:05,,492,35,15,72,1,1,1,1,1,1,3
2024-08-05 18:08:10,,492,35,15,72,1,1,1,1,1,1,3
2024-08-05 18:08:15,,492,35,15,72,1,1,1,1,1,1,3
2024-08-05 18:08:20,,492,35,15,72,1,1,1,1,1,1,3
2024-08-05 18:08:25,,492,35,15,72,1,1,1,1,1,1,3
2024-08-05 18:08:30,,492,35,15,72,1,1,1,1,1,1,3
2024-08-05 18:08:35,,492,35,15,72,1,1,1,1,1,1,3
2024-08-05 18:08:40,,492,35,15,72,1,1,1,1,1,1,3
2024-08-05 18:08:45,,492,35,15,72,1,1,1,1,1,1,3
2024-08-05 18:08:50,,492,35,15,72,1,1,1,1,1,1,3
2024-08-05 18:08:55,,492,35,15,72,1,1,1,1,1,1,3
2024-08-05 18:09:00,,492,35,15,72,1,1,1,1,1,1,3
2024-08-05 18:09:05,,492,35,15,72,1,1,1,1,1,1,3
2024-08-05 18:09:10,,492,35,15,72,1,1,1,1,1,1,3
2024-08-05 18:09:15,,492,35,15,72,1,1,1,1,1,1,3
2024-08-05 18:09:20,,492,35,15,72,1,1,1,1,1,1,3
2024-08-05 18:09:25,,492,35,15,72,1,1,1,1,1,1,3
2024-08-05 18:09:30,,492,35,15,72,1,1,1,1,1,1,3
2024-08-05 18:09:35,,492,35,15,72,1,1,1,1,1,1,3