Timestamp,User Count,Type,Name,Requests/s,Failures/s,50%,66%,75%,80%,90%,95%,98%,99%,99.9%,99.99%,100%,Total Request Count,Total Failure Count,Total Median Response Time,Total Average Response Time,Total Min Response Time,Total Max Response Time,Total Average Content Size
1720366947,0,,Aggregated,0.000000,0.000000,N/A,N/A,N/A,N/A,N/A,N/A,N/A,N/A,N/A,N/A,N/A,0,0,0,0.0,0,0,0
1720366948,0,,Aggregated,0.000000,0.000000,N/A,N/A,N/A,N/A,N/A,N/A,N/A,N/A,N/A,N/A,N/A,0,0,0,0.0,0,0,0
1720366949,0,,Aggregated,0.000000,0.000000,N/A,N/A,N/A,N/A,N/A,N/A,N/A,N/A,N/A,N/A,N/A,0,0,0,0.0,0,0,0
1720366950,5,,Aggregated,0.000000,0.000000,N/A,N/A,N/A,N/A,N/A,N/A,N/A,N/A,N/A,N/A,N/A,0,0,0,0.0,0,0,0
1720366951,10,,Aggregated,0.000000,0.000000,330,330,340,340,340,340,340,340,340,340,340,3,0,330.0,300.33820299953123,231.45888699946227,337.2120120002364,166.0
1720366952,15,,Aggregated,0.000000,0.000000,330,330,340,340,430,430,430,430,430,430,430,6,0,230.0,265.6968023329682,91.72619300079532,432.8926689995569,149.0
1720366953,20,,Aggregated,0.000000,0.000000,330,330,340,340,430,430,430,430,430,430,430,6,0,230.0,265.6968023329682,91.72619300079532,432.8926689995569,149.0
1720366954,25,,Aggregated,2.500000,0.000000,180,270,290,330,340,430,430,430,430,430,430,19,0,180.0,205.3264173683649,65.95708100030606,432.8926689995569,208.3684210526316
1720366955,30,,Aggregated,4.750000,0.000000,170,270,330,340,660,1700,3100,3100,3100,3100,3100,31,0,170.0,357.3778178387945,65.95708100030606,3141.2337880010455,1208.2903225806451
1720366956,35,,Aggregated,4.750000,0.000000,170,270,330,340,660,1700,3100,3100,3100,3100,3100,31,0,170.0,357.3778178387945,65.95708100030606,3141.2337880010455,1208.2903225806451
1720366957,40,,Aggregated,5.500000,0.000000,150,220,330,370,1600,2100,3100,3500,3500,3500,3500,63,0,150.0,438.59132417474893,51.883885000279406,3549.050288998842,1786.6984126984128
1720366958,45,,Aggregated,7.714286,0.000000,140,220,290,370,900,2100,3100,3500,3500,3500,3500,81,0,140.0,420.09687318523555,50.04480599927774,3549.050288998842,2170.382716049383
1720366959,50,,Aggregated,7.714286,0.000000,140,220,290,370,900,2100,3100,3500,3500,3500,3500,81,0,140.0,420.09687318523555,50.04480599927774,3549.050288998842,2170.382716049383
1720366960,59,,Aggregated,9.777778,0.000000,130,210,270,340,740,1800,2900,3100,3500,3500,3500,113,0,130.0,354.5940300177267,47.57157099993492,3549.050288998842,2725.9557522123896
1720366961,62,,Aggregated,10.600000,0.000000,120,170,240,290,710,1600,2900,3100,3500,3500,3500,143,0,120.0,313.11909113991805,47.57157099993492,3549.050288998842,3051.622377622378
1720366962,70,,Aggregated,13.100000,0.000000,120,170,240,290,710,1600,2500,3100,3500,3500,3500,158,0,120.0,304.14658238614606,47.57157099993492,3549.050288998842,3486.3924050632913
1720366963,71,,Aggregated,14.800000,0.000000,120,160,240,280,710,900,2500,3100,3500,3500,3500,187,0,120.0,287.393307887754,47.57157099993492,3549.050288998842,3868.9732620320856
1720366964,79,,Aggregated,16.500000,0.000000,120,160,220,280,680,900,2100,2900,3500,3500,3500,214,0,120.0,278.0642202757586,47.57157099993492,3549.050288998842,3574.285046728972
1720366965,85,,Aggregated,18.000000,0.000000,120,170,240,290,740,820,2100,2900,3500,3500,3500,233,0,120.0,279.64329846356685,47.57157099993492,3549.050288998842,4573.5751072961375
1720366966,90,,Aggregated,20.200000,0.000000,120,160,240,310,720,810,1800,2900,3500,3500,3500,268,0,120.0,273.07017037315717,44.07163399991987,3549.050288998842,6541.149253731343
1720366967,95,,Aggregated,22.300000,0.000000,110,160,230,270,690,800,1700,2500,3500,3500,3500,307,0,110.0,258.13253211730125,44.07163399991987,3549.050288998842,7332.368078175896
1720366968,100,,Aggregated,23.300000,0.000000,110,160,230,270,680,800,1700,2500,3500,3500,3500,330,0,110.0,251.37389904548675,44.07163399991987,3549.050288998842,7470.860606060606
1720366969,100,,Aggregated,0.000000,0.000000,150,160,200,200,310,310,310,310,310,310,310,7,0,150.0,161.7792767137871,58.39589300012449,307.49578599898086,11420.857142857143
1720366970,100,,Aggregated,2.000000,0.000000,100,120,140,160,200,310,320,320,320,320,320,30,0,100.0,114.65755446661205,51.05942599948321,320.3544799998781,14865.133333333333
1720366971,100,,Aggregated,5.500000,0.000000,100,140,170,200,370,410,510,660,660,660,660,56,0,100.0,148.34597205361075,49.292040999716846,661.2290949997259,16753.410714285714
1720366972,100,,Aggregated,14.000000,0.000000,100,160,200,250,370,510,1200,3300,3300,3300,3300,94,0,100.0,197.04265682983223,49.292040999716846,3307.12898999991,23802.106382978724
1720366973,100,,Aggregated,21.500000,0.000000,110,150,200,250,380,640,1800,1900,3300,3300,3300,137,0,110.0,210.054481240893,42.95223699955386,3307.12898999991,18561.218978102188
1720366974,100,,Aggregated,23.800000,0.000000,110,150,200,260,390,510,1200,1900,3300,3300,3300,162,0,100.0,204.28969975310557,42.95223699955386,3307.12898999991,17249.4012345679
1720366975,100,,Aggregated,25.666667,0.000000,100,140,210,260,380,470,820,1800,3300,3300,3300,205,0,100.0,192.07519754151977,42.95223699955386,3307.12898999991,15211.49268292683
1720366976,100,,Aggregated,26.428571,0.000000,100,140,200,250,380,460,820,1800,3300,3300,3300,250,0,99,183.02806311206223,42.95223699955386,3307.12898999991,14670.392
1720366977,100,,Aggregated,27.750000,0.000000,100,150,220,280,400,510,810,1800,3300,3300,3300,280,0,100.0,187.4365032357868,42.95223699955386,3307.12898999991,16244.246428571429
1720366978,100,,Aggregated,28.888889,0.000000,99,150,210,280,390,480,780,1200,3300,3300,3300,317,0,99,182.7632588360054,42.95223699955386,3307.12898999991,15185.27760252366
1720366979,100,,Aggregated,29.600000,0.000000,98,140,200,250,390,490,780,1600,3300,3300,3300,357,0,98,179.51625064428814,42.95223699955386,3307.12898999991,14296.252100840336
1720366980,100,,Aggregated,33.200000,0.000000,99,140,200,250,380,480,780,1600,3300,3300,3300,381,0,99,177.76539148822786,41.40457700123079,3307.12898999991,14477.259842519685
1720366981,100,,Aggregated,35.300000,0.000000,99,140,200,250,380,470,780,1200,3300,3300,3300,428,0,98,176.02087823133502,41.40457700123079,3307.12898999991,13977.070093457944
1720366982,100,,Aggregated,36.800000,0.000000,99,140,200,250,380,470,660,1200,3300,3300,3300,470,0,99,174.32126186172258,41.40457700123079,3307.12898999991,13618.931914893617
1720366983,100,,Aggregated,36.200000,0.000000,100,140,200,250,380,470,660,1200,3300,3300,3300,494,0,100.0,175.34384057288614,41.40457700123079,3307.12898999991,13606.957489878543
1720366984,100,,Aggregated,35.800000,0.000000,100,140,200,260,380,490,770,880,3300,3300,3300,533,0,100.0,177.34677336209995,41.40457700123079,3307.12898999991,14427.178236397749
1720366985,100,,Aggregated,36.500000,0.000000,99,140,200,250,380,490,710,880,3300,3300,3300,567,0,99,175.14814633508925,41.40457700123079,3307.12898999991,13992.506172839507
1720366986,100,,Aggregated,36.500000,0.000000,98,140,200,250,380,490,660,820,3300,3300,3300,611,0,98,173.00282731095095,41.40457700123079,3307.12898999991,14548.11620294599
1720366987,100,,Aggregated,35.900000,0.000000,98,140,200,250,380,490,660,820,3300,3300,3300,637,0,98,172.13766094974864,41.40457700123079,3307.12898999991,14793.367346938776
1720366988,100,,Aggregated,34.800000,0.000000,97,140,190,250,380,480,640,820,3300,3300,3300,669,0,97,169.57946211059416,41.40457700123079,3307.12898999991,14504.396113602392
1720366989,100,,Aggregated,36.300000,0.000000,97,140,190,250,380,470,640,810,3300,3300,3300,719,0,97,167.8439800041496,41.40457700123079,3307.12898999991,14684.956884561892
1720366990,100,,Aggregated,36.100000,0.000000,98,140,190,250,380,470,640,820,3300,3300,3300,753,0,98,167.82848254047983,41.40457700123079,3307.12898999991,15334.207171314742
1720366991,100,,Aggregated,35.700000,0.000000,97,140,180,240,370,460,640,820,3300,3300,3300,781,0,97,165.26311170547345,41.40457700123079,3307.12898999991,14999.777208706786
1720366992,100,,Aggregated,36.100000,0.000000,97,140,180,240,380,460,590,810,3300,3300,3300,839,0,97,165.40649417041186,41.40457700123079,3307.12898999991,15324.466030989273
1720366993,100,,Aggregated,35.900000,0.000000,97,140,180,240,380,460,590,810,3300,3300,3300,868,0,97,164.52361097577517,41.40457700123079,3307.12898999991,15104.662442396313
1720366994,100,,Aggregated,36.200000,0.000000,97,140,180,240,370,460,590,810,3300,3300,3300,895,0,97,163.70738093740547,41.40457700123079,3307.12898999991,14999.515083798882
1720366995,100,,Aggregated,35.600000,0.000000,99,140,180,240,370,450,580,810,3300,3300,3300,949,0,99,163.3066361338054,41.40457700123079,3307.12898999991,15225.694415173868
1720366996,100,,Aggregated,35.800000,0.000000,99,140,180,240,370,460,570,810,3300,3300,3300,971,0,99,162.96477816372655,41.40457700123079,3307.12898999991,15181.338825952625
1720366997,100,,Aggregated,36.900000,0.000000,99,140,180,240,370,460,580,810,3300,3300,3300,997,0,99,162.63397420860142,41.40457700123079,3307.12898999991,14848.08625877633
1720366998,100,,Aggregated,37.400000,0.000000,100,140,190,240,380,460,590,810,1900,3300,3300,1056,0,99,164.25577657004925,41.38468999917677,3307.12898999991,15964.939393939394
1720366999,100,,Aggregated,36.500000,0.000000,100,140,190,240,380,460,590,810,1900,3300,3300,1091,0,100.0,163.73642675066264,41.38468999917677,3307.12898999991,16208.23006416132
1720367000,100,,Aggregated,35.800000,0.000000,100,140,190,240,380,460,590,780,1900,3300,3300,1120,0,99,163.6781342633688,41.38468999917677,3307.12898999991,15888.50892857143
1720367001,100,,Aggregated,38.600000,0.000000,100,140,190,250,380,460,590,810,1900,3300,3300,1169,0,100.0,165.95198592127397,41.38468999917677,3307.12898999991,15944.919589392643
1720367002,100,,Aggregated,36.900000,0.000000,100,140,190,240,380,460,590,810,1900,3300,3300,1190,0,100.0,165.14222739661062,41.38468999917677,3307.12898999991,15756.636974789915
1720367003,100,,Aggregated,36.600000,0.000000,100,140,180,240,380,460,590,810,1900,3300,3300,1200,0,100.0,164.43959630414005,41.38468999917677,3307.12898999991,15629.355833333333
1720367004,100,,Aggregated,35.900000,0.000000,100,140,180,240,380,460,580,780,1900,3300,3300,1266,0,100.0,163.88729930883423,41.38468999917677,3307.12898999991,15296.661137440758
1720367005,100,,Aggregated,35.900000,0.000000,100,140,180,240,380,460,580,780,1900,3300,3300,1298,0,100.0,163.63599123496545,41.38468999917677,3307.12898999991,15842.15408320493
1720367007,100,,Aggregated,36.400000,0.000000,100,140,180,240,380,460,580,770,1900,3300,3300,1313,0,100.0,163.11429679054714,41.38468999917677,3307.12898999991,15733.47753236862
1720367008,100,,Aggregated,35.700000,0.000000,100,140,190,250,390,470,620,820,2600,3300,3300,1383,1,100.0,168.43803012724754,41.38468999917677,3307.12898999991,15309.517715112075
1720367009,100,,Aggregated,36.100000,0.100000,100,140,190,250,390,470,620,810,2600,3300,3300,1411,1,100.0,169.1464240701546,41.38468999917677,3307.12898999991,15221.054571226081
1720367010,100,,Aggregated,35.500000,0.100000,100,140,190,250,390,470,620,810,2600,3300,3300,1424,1,100.0,168.65602501965424,41.38468999917677,3307.12898999991,15161.247191011236
1720367011,120,,Aggregated,36.400000,0.100000,100,140,190,250,390,470,590,810,2600,3300,3300,1516,1,100.0,168.28969938059504,41.38468999917677,3307.12898999991,15174.356200527705
1720367012,137,,Aggregated,34.500000,0.100000,100,150,190,250,390,470,590,810,2600,3300,3300,1548,1,100.0,168.37661245671006,41.38468999917677,3307.12898999991,15363.910852713178
1720367013,160,,Aggregated,35.000000,0.100000,100,150,190,250,380,470,590,810,2600,3300,3300,1572,1,100.0,168.15060948027337,41.26596500100277,3307.12898999991,15243.377226463104
1720367014,180,,Aggregated,38.000000,0.100000,110,150,200,250,390,460,580,810,2600,3300,3300,1678,1,100.0,168.93828516030294,41.26596500100277,3307.12898999991,15336.141835518474
1720367015,200,,Aggregated,0.000000,0.000000,180,300,300,310,480,550,550,550,550,550,550,17,0,180.0,220.0223365882052,47.31525200077158,554.4160890003695,20596.941176470587
1720367016,200,,Aggregated,0.000000,0.000000,200,280,300,310,480,550,570,570,570,570,570,33,0,200.0,222.16508312114016,42.48597500009055,568.0218609995791,27583.545454545456
1720367017,200,,Aggregated,0.000000,0.000000,180,280,310,340,390,480,570,1200,1800,1800,1800,142,0,180.0,222.81039754930967,42.48597500009055,1811.4707370004908,21594.323943661973
1720367018,200,,Aggregated,78.000000,0.000000,160,230,300,320,380,430,570,570,1800,1800,1800,202,0,160.0,203.32276179700477,40.69910099860863,1811.4707370004908,20725.371287128713
1720367019,200,,Aggregated,73.500000,0.000000,160,230,300,320,380,430,570,1200,1800,1800,1800,222,0,160.0,205.76765594142745,40.69910099860863,1811.4707370004908,19575.18918918919
1720367020,200,,Aggregated,66.000000,0.000000,140,210,280,300,380,430,570,740,1800,1800,1800,323,0,140.0,190.08643811454704,40.69910099860863,1811.4707370004908,17923.374613003096
1720367021,200,,Aggregated,71.000000,0.000000,130,210,280,300,380,440,570,740,1800,1800,1800,412,3,130.0,188.8614193713092,40.69910099860863,1811.4707370004908,17138.759708737864
1720367022,200,,Aggregated,71.400000,0.000000,130,210,280,300,370,440,570,740,1800,1800,1800,437,4,130.0,185.39137641870784,40.69910099860863,1811.4707370004908,16712.90389016018
1720367023,200,,Aggregated,68.500000,0.000000,130,190,270,300,380,440,570,740,1800,1800,1800,549,21,130.0,182.29494039702706,39.99652799939213,1811.4707370004908,17402.848816029145
1720367024,200,,Aggregated,69.285714,2.428571,120,180,260,300,380,430,540,670,1800,1800,1800,650,50,120.0,175.84376342149392,39.99652799939213,1811.4707370004908,17648.146153846155
1720367025,200,,Aggregated,69.750000,3.375000,120,180,250,290,370,430,540,670,1800,1800,1800,680,54,120.0,174.48058610583328,39.99652799939213,1811.4707370004908,17437.982352941177
1720367026,200,,Aggregated,71.555556,4.777778,120,180,260,300,370,430,540,670,1800,1800,1800,755,65,120.0,174.11275961852073,39.417056999809574,1811.4707370004908,17439.14834437086
1720367027,200,,Aggregated,70.600000,5.900000,120,180,240,290,370,430,530,670,1800,1800,1800,854,84,120.0,169.4788578044387,39.417056999809574,1811.4707370004908,16536.488290398127
1720367028,200,,Aggregated,70.900000,7.700000,110,170,240,290,370,430,530,670,1800,1800,1800,879,87,110.0,168.1084628077218,39.417056999809574,1811.4707370004908,16318.42093287827
1720367029,200,,Aggregated,70.200000,8.500000,110,170,240,290,360,430,520,570,1800,1800,1800,954,103,110.0,165.43842835533653,38.782522999099456,1811.4707370004908,16229.943396226416
1720367030,200,,Aggregated,70.200000,9.700000,100,160,220,290,360,420,520,570,1600,1800,1800,1063,131,100.0,160.48819490686967,38.34918100073992,1811.4707370004908,15494.412041392286
1720367031,200,,Aggregated,70.000000,11.300000,99,160,220,280,360,420,520,570,1600,1800,1800,1088,135,98,159.18691465625338,38.34918100073992,1811.4707370004908,15248.279411764706
1720367032,200,,Aggregated,71.000000,13.100000,100,160,220,280,360,420,520,570,1700,1800,1800,1159,148,100.0,159.7582145401181,38.34918100073992,1811.4707370004908,14977.088006902502
1720367033,200,,Aggregated,71.100000,14.200000,100,160,210,280,360,430,530,670,1700,1800,1800,1257,162,100.0,160.77800184407016,38.34918100073992,1811.4707370004908,15283.417661097852
1720367034,200,,Aggregated,69.800000,13.900000,100,160,220,280,360,430,540,670,1700,1800,1800,1284,163,100.0,161.17568830607257,38.34918100073992,1811.4707370004908,15357.742211838005
1720367035,200,,Aggregated,69.400000,13.600000,100,160,230,290,370,440,570,790,1700,1800,1800,1344,163,100.0,166.73668128794628,38.34918100073992,1811.4707370004908,15394.979910714286
1720367036,200,,Aggregated,67.800000,12.000000,110,160,220,290,380,460,570,810,1700,1800,1800,1443,163,110.0,167.93734244905912,38.34918100073992,1811.4707370004908,16119.575883575884
1720367037,200,,Aggregated,67.200000,10.400000,110,160,220,290,380,460,570,860,1700,1800,1800,1472,163,110.0,168.62678076969183,38.34918100073992,1811.4707370004908,16079.58491847826
1720367038,200,,Aggregated,65.700000,8.600000,110,170,230,290,380,470,580,810,1700,1800,1800,1551,163,110.0,171.1246151373215,38.34918100073992,1811.4707370004908,15951.418439716312
1720367039,200,,Aggregated,66.400000,7.800000,110,170,230,290,380,460,570,790,1700,1800,1800,1665,163,110.0,170.77590670930883,38.34918100073992,1811.4707370004908,15974.592192192193
1720367040,200,,Aggregated,66.800000,6.600000,110,170,230,290,380,460,570,790,1700,1800,1800,1688,163,110.0,170.58692139158273,38.34918100073992,1811.4707370004908,15962.812203791469
1720367041,200,,Aggregated,67.100000,5.000000,120,170,230,290,380,460,580,790,1700,1800,1800,1768,163,120.0,172.41054734218912,38.34918100073992,1811.4707370004908,16437.638009049773
1720367042,200,,Aggregated,64.700000,3.200000,120,170,240,290,380,470,600,770,1700,1800,1800,1854,163,120.0,173.98713668338482,38.34918100073992,1811.4707370004908,16766.38996763754
1720367043,200,,Aggregated,65.600000,2.100000,120,170,240,290,380,470,600,770,1700,1800,1800,1878,163,120.0,173.54151147710473,38.34918100073992,1811.4707370004908,16691.05271565495
1720367044,200,,Aggregated,66.200000,0.700000,120,180,240,300,380,470,570,770,1700,1800,1800,1952,163,120.0,175.63543574590497,38.34918100073992,1811.4707370004908,17110.680840163935
1720367045,200,,Aggregated,66.700000,0.000000,120,180,240,300,380,470,570,770,1600,1800,1800,2060,163,120.0,176.24574968398412,38.34918100073992,1811.4707370004908,17388.921844660195
1720367046,200,,Aggregated,67.300000,0.000000,120,180,240,300,380,470,580,770,1600,1800,1800,2084,163,120.0,176.93935825288256,38.34918100073992,1811.4707370004908,17320.19001919386
1720367047,200,,Aggregated,68.700000,0.000000,130,180,260,300,390,470,600,770,1700,1800,1800,2162,163,130.0,179.08371411795423,38.34918100073992,1811.4707370004908,17547.432007400555
1720367048,200,,Aggregated,67.300000,0.000000,130,190,260,310,380,470,600,790,1800,2100,2100,2267,163,130.0,180.57601408602628,38.34918100073992,2091.895845000181,18037.398764887515
1720367049,200,,Aggregated,67.100000,0.000000,130,190,270,310,380,470,620,810,1800,2100,2100,2298,163,130.0,181.28140460967336,38.34918100073992,2091.895845000181,17954.59312445605
1720367050,200,,Aggregated,68.200000,0.000000,130,190,270,310,380,460,600,790,1800,2100,2100,2375,163,130.0,180.81387166863635,38.34918100073992,2091.895845000181,18387.648842105264
1720367051,220,,Aggregated,67.500000,0.000000,130,190,260,300,380,460,570,770,1800,2100,2100,2496,163,130.0,180.19065967508263,38.34918100073992,2091.895845000181,18416.83613782051
1720367052,240,,Aggregated,69.800000,0.000000,130,190,260,300,380,460,570,770,1800,2100,2100,2527,163,130.0,179.82931179145564,38.34918100073992,2091.895845000181,18385.442026117926
1720367053,260,,Aggregated,68.700000,0.000000,130,190,270,310,380,460,570,770,1800,2100,2100,2635,163,130.0,181.21148354877153,38.34918100073992,2091.895845000181,18396.204933586338
1720367054,280,,Aggregated,72.400000,0.000000,130,190,260,310,380,450,570,760,1800,2100,2100,2790,163,130.0,181.22871556990444,38.34918100073992,2091.895845000181,18585.387813620073
1720367055,300,,Aggregated,0.000000,0.000000,130,180,220,220,360,360,360,360,360,360,360,8,0,120.0,150.2652414997101,51.35408800015284,360.74940099933883,18907.875
1720367056,300,,Aggregated,0.000000,0.000000,160,220,290,310,360,400,580,650,650,650,650,71,0,160.0,186.93047542244682,41.80557799918461,653.35755399974,18385.577464788734
1720367057,300,,Aggregated,0.000000,0.000000,180,280,330,350,430,520,590,650,670,670,670,195,0,180.0,215.23968519992567,41.21908599881863,668.3355330005725,19542.579487179486
1720367058,300,,Aggregated,99.000000,0.000000,170,250,320,340,410,490,580,640,670,670,670,232,0,160.0,201.13619006025962,41.10413399939716,668.3355330005725,18403.400862068964
1720367059,300,,Aggregated,92.000000,0.000000,180,270,320,340,410,500,580,650,4300,4300,4300,360,0,180.0,220.78600388328292,38.789640999311814,4346.319995000158,18097.61388888889
1720367060,300,,Aggregated,93.333333,0.000000,170,260,300,320,400,470,580,640,4300,4300,4300,532,0,170.0,209.82191133830418,38.789640999311814,4346.319995000158,17339.07894736842
1720367061,300,,Aggregated,101.500000,0.000000,170,240,290,320,400,470,570,640,4300,4300,4300,578,0,170.0,205.969407313098,38.789640999311814,4346.319995000158,17664.671280276816
1720367062,300,,Aggregated,105.000000,0.000000,180,240,290,310,390,460,570,640,4300,4300,4300,676,0,180.0,205.21881588015896,38.789640999311814,4346.319995000158,17113.88017751479
1720367063,300,,Aggregated,102.000000,0.000000,170,230,280,310,380,450,570,640,4300,4300,4300,826,0,170.0,201.48532394670605,38.789640999311814,4346.319995000158,17980.56053268765
1720367064,300,,Aggregated,101.714286,0.000000,170,230,280,310,370,440,570,640,4300,4300,4300,873,0,170.0,198.56818751658363,38.789640999311814,4346.319995000158,17790.876288659794
1720367065,300,,Aggregated,102.125000,0.000000,170,230,280,310,370,440,570,670,4300,4300,4300,935,0,170.0,200.2833981775103,38.789640999311814,4346.319995000158,17798.381818181817
1720367066,300,,Aggregated,101.222222,0.000000,170,230,280,300,360,440,570,670,1700,4300,4300,1120,0,170.0,197.67209411426322,38.789640999311814,4346.319995000158,19105.777678571427
1720367067,300,,Aggregated,103.100000,0.000000,170,230,280,300,360,440,560,670,1700,4300,4300,1154,0,170.0,196.61703486045852,38.789640999311814,4346.319995000158,19142.086655112653
1720367068,300,,Aggregated,100.300000,0.000000,170,230,280,300,360,430,560,650,1700,4300,4300,1238,0,170.0,195.48991920190733,38.789640999311814,4346.319995000158,19545.40872374798
1720367069,300,,Aggregated,103.300000,0.000000,170,230,280,300,360,440,570,740,1700,4300,4300,1443,0,170.0,198.11732361674692,38.789640999311814,4346.319995000158,19966.89535689536
1720367070,300,,Aggregated,102.800000,0.000000,170,230,280,300,360,440,570,740,1700,4300,4300,1478,0,170.0,197.7791438578905,38.789640999311814,4346.319995000158,20037.73139377537
1720367071,300,,Aggregated,102.100000,0.000000,170,230,280,300,360,440,570,670,1700,4300,4300,1560,0,170.0,197.82076804356342,38.789640999311814,4346.319995000158,20658.872435897436
1720367072,300,,Aggregated,101.100000,0.000000,170,230,280,300,360,440,560,670,1700,4300,4300,1760,0,170.0,197.1697675181562,38.789640999311814,4346.319995000158,20455.992045454546
1720367073,300,,Aggregated,103.500000,0.000000,170,220,280,300,360,440,560,670,1700,4300,4300,1800,0,160.0,196.40570028497376,38.789640999311814,4346.319995000158,20233.535555555554
1720367074,300,,Aggregated,103.300000,0.000000,160,220,280,300,370,440,570,680,1700,4300,4300,1878,0,160.0,196.55080248612862,38.789640999311814,4346.319995000158,20012.877529286474
1720367075,300,,Aggregated,102.100000,0.000000,160,230,280,310,380,450,580,680,1700,4300,4300,2052,0,160.0,198.13860319636822,38.789640999311814,4346.319995000158,20016.292884990253
1720367076,300,,Aggregated,103.800000,0.000000,160,220,280,310,380,450,580,690,1700,4300,4300,2085,0,160.0,198.0077076733583,38.789640999311814,4346.319995000158,20138.77841726619
1720367077,300,,Aggregated,100.100000,0.000000,160,230,280,310,380,460,600,700,1700,4300,4300,2161,0,160.0,199.8941339694437,38.789640999311814,4346.319995000158,20229.559463211477
1720367078,300,,Aggregated,103.000000,0.000000,160,220,280,310,380,460,600,700,1700,4300,4300,2389,0,160.0,199.91757293636635,38.789640999311814,4346.319995000158,21674.56676433654
1720367079,300,,Aggregated,103.500000,0.000000,160,220,280,310,380,460,600,690,1700,4300,4300,2432,0,160.0,199.5632845505692,38.789640999311814,4346.319995000158,21651.13404605263
1720367080,300,,Aggregated,105.500000,0.000000,170,230,280,310,380,450,600,690,1700,4300,4300,2510,0,170.0,200.02976582230283,38.789640999311814,4346.319995000158,22470.634661354583
1720367081,300,,Aggregated,104.300000,0.000000,170,220,280,310,380,450,580,680,1700,4300,4300,2704,0,170.0,198.38661594933146,38.789640999311814,4346.319995000158,22828.676775147927
1720367082,300,,Aggregated,104.900000,0.000000,170,220,280,310,370,450,580,680,1700,4300,4300,2741,0,170.0,197.9203985508875,38.789640999311814,4346.319995000158,22826.164538489604
1720367083,300,,Aggregated,103.900000,0.000000,160,220,280,310,370,450,580,680,1700,4300,4300,2775,0,160.0,198.07587118990372,38.789640999311814,4346.319995000158,22736.547027027027
1720367084,300,,Aggregated,103.500000,0.000000,170,220,280,310,380,460,610,870,2000,4300,4300,3005,0,170.0,204.7428222705455,38.789640999311814,4346.319995000158,22786.43860232945
1720367085,300,,Aggregated,102.600000,0.000000,170,230,280,310,390,460,610,870,2000,4300,4300,3050,0,170.0,204.4683939147497,38.789640999311814,4346.319995000158,22869.34131147541
1720367086,300,,Aggregated,102.800000,0.000000,170,230,280,310,390,460,610,870,2000,4300,4300,3086,0,170.0,204.5868361597498,38.789640999311814,4346.319995000158,22824.886584575503
1720367087,300,,Aggregated,108.000000,0.000000,170,230,290,310,390,460,630,880,2000,4300,4300,3334,0,170.0,206.63104505218664,38.789640999311814,4346.319995000158,22882.343431313737
1720367088,300,,Aggregated,107.000000,0.000000,170,230,290,310,390,460,620,880,2000,4300,4300,3379,0,170.0,206.11643560490796,38.789640999311814,4346.319995000158,22746.395975140575
1720367089,300,,Aggregated,105.000000,0.000000,170,230,290,310,390,460,620,880,2000,4300,4300,3419,0,170.0,206.2448021307348,38.789640999311814,4346.319995000158,22702.89704591986
1720367090,300,,Aggregated,105.200000,0.000000,170,230,290,310,380,460,620,880,2000,4300,4300,3631,0,170.0,205.83059691544727,38.789640999311814,4346.319995000158,22632.87689341779
1720367091,320,,Aggregated,102.100000,0.000000,170,230,290,310,380,460,620,880,2000,4300,4300,3677,0,170.0,205.30859976366202,38.789640999311814,4346.319995000158,22487.024748436226
1720367092,340,,Aggregated,101.900000,0.000000,170,230,290,310,380,460,620,880,2000,4300,4300,3721,0,170.0,205.5479676011783,38.789640999311814,4346.319995000158,22462.905670518678
1720367093,360,,Aggregated,101.300000,0.000000,170,230,280,310,380,450,620,880,2000,4300,4300,3990,0,170.0,204.65911768896922,38.789640999311814,4346.319995000158,22172.307268170425
1720367094,380,,Aggregated,101.300000,0.000000,170,230,280,310,380,450,620,880,2000,4300,4300,3990,0,170.0,204.65911768896922,38.789640999311814,4346.319995000158,22172.307268170425
1720367095,400,,Aggregated,110.200000,0.000000,170,230,280,310,380,450,620,880,1900,4300,4300,4077,0,170.0,204.33196796075245,38.789640999311814,4346.319995000158,22042.125582536177
1720367096,420,,Aggregated,110.000000,0.000000,170,230,280,310,380,450,610,880,2000,4300,4300,4352,0,170.0,204.54513391957826,38.789640999311814,4346.319995000158,22114.596277573528
1720367097,440,,Aggregated,110.000000,0.000000,170,230,280,310,380,450,610,880,2000,4300,4300,4352,0,170.0,204.54513391957826,38.789640999311814,4346.319995000158,22114.596277573528
1720367098,460,,Aggregated,113.100000,0.000000,170,230,280,310,390,460,640,1100,2100,5000,5000,4474,0,170.0,208.47482037639884,38.789640999311814,5035.477067000102,22236.60996870809
1720367099,480,,Aggregated,116.900000,0.000000,170,230,280,310,390,480,810,1500,3600,5000,5000,4767,0,170.0,220.04800597398489,38.789640999311814,5035.477067000102,21806.666456891126
1720367100,500,,Aggregated,0.000000,0.000000,N/A,N/A,N/A,N/A,N/A,N/A,N/A,N/A,N/A,N/A,N/A,0,0,0,0.0,0,0,0
1720367101,500,,Aggregated,0.000000,0.000000,180,220,250,320,1900,2200,4500,5000,5000,5000,5000,53,0,180.0,542.298005245168,41.796350000367966,4971.033358999193,16345.792452830188
1720367102,500,,Aggregated,88.000000,0.000000,180,230,270,330,1900,4500,5000,5000,5200,5200,5200,298,0,180.0,582.2891813993052,40.7889210000576,5217.048525999417,24531.835570469797
1720367103,500,,Aggregated,95.000000,0.000000,170,230,270,320,1900,4700,4900,5000,5200,5200,5200,334,0,170.0,577.7947425628669,40.7889210000576,5217.048525999417,25616.443113772457
1720367104,500,,Aggregated,120.000000,0.000000,170,220,260,310,1700,4200,4800,5000,5200,5200,5200,470,0,170.0,528.9909875893886,40.22125300070911,5217.048525999417,23852.88085106383
1720367105,500,,Aggregated,131.500000,0.000000,170,230,270,360,1700,3700,4800,4900,5200,5200,5200,695,0,170.0,526.1035988158491,40.22125300070911,5217.048525999417,24021.060431654678
1720367106,500,,Aggregated,148.500000,0.000000,180,240,320,380,1300,3300,4800,4900,7100,7100,7100,842,0,180.0,510.74121178624415,40.22125300070911,7050.70739599978,24192.736342042754
1720367107,500,,Aggregated,150.800000,0.000000,180,250,320,390,1100,2700,4700,4900,7100,7100,7100,951,0,180.0,488.0095970084384,39.355718001388595,7050.70739599978,24178.701366982124
1720367108,500,,Aggregated,147.428571,0.000000,180,240,320,380,720,2000,4600,4900,5600,7100,7100,1196,0,180.0,435.29765628766023,39.355718001388595,7050.70739599978,24282.903010033446
1720367109,500,,Aggregated,152.125000,0.000000,180,240,320,370,720,1900,4400,4800,5600,7100,7100,1363,1,180.0,419.57223662806024,39.355718001388595,7050.70739599978,24101.820983125457
1720367110,500,,Aggregated,155.888889,0.000000,180,240,320,370,700,1800,4200,4800,5600,7100,7100,1504,1,180.0,401.87761738301907,39.355718001388595,7050.70739599978,23383.64760638298
1720367111,500,,Aggregated,156.000000,0.000000,170,240,320,380,710,1400,3800,4800,5600,7100,7100,1843,2,170.0,378.57279450194494,39.355718001388595,7050.70739599978,23576.78350515464
1720367112,500,,Aggregated,164.700000,0.100000,170,240,330,380,690,1400,3800,4700,5600,7100,7100,1910,2,170.0,373.5976216927099,39.355718001388595,7050.70739599978,23366.330366492148
1720367113,500,,Aggregated,168.500000,0.300000,170,240,330,380,690,1300,3700,4700,5200,7100,7100,2044,3,170.0,366.63874675493037,39.355718001388595,7050.70739599978,23368.295988258316
1720367114,500,,Aggregated,163.700000,0.400000,170,240,320,380,680,1200,3400,4700,5200,7100,7100,2225,5,170.0,359.1383023402641,39.355718001388595,7050.70739599978,22883.16808988764
1720367115,500,,Aggregated,169.600000,0.400000,170,240,320,380,640,1100,2900,4500,5200,7100,7100,2474,8,170.0,347.3302114446596,39.355718001388595,7050.70739599978,22661.57679870655
1720367116,500,,Aggregated,169.200000,0.700000,170,240,320,380,640,1100,2700,4400,5200,7100,7100,2537,8,170.0,345.02759815809526,39.355718001388595,7050.70739599978,22447.28774142688
1720367117,500,,Aggregated,168.100000,0.800000,170,240,320,380,630,990,2300,4400,5200,7100,7100,2745,8,170.0,338.73489474574643,39.355718001388595,7050.70739599978,22445.393806921675
1720367118,500,,Aggregated,172.200000,0.800000,180,250,320,380,610,910,2100,4200,5100,7100,7100,3029,8,180.0,330.6119018273557,39.355718001388595,7050.70739599978,23408.923076923078
1720367119,500,,Aggregated,173.900000,0.800000,180,250,320,380,600,900,2100,4200,5100,7100,7100,3103,8,180.0,328.0277539568334,39.355718001388595,7050.70739599978,23677.754108926845
1720367120,500,,Aggregated,171.200000,0.800000,180,250,320,380,600,870,2000,4200,5100,7100,7100,3297,9,180.0,322.70247809312986,39.355718001388595,7050.70739599978,24118.479526842584
1720367121,500,,Aggregated,174.400000,1.000000,180,240,320,380,590,860,1900,3900,5100,7100,7100,3551,11,180.0,317.30163765137826,39.00861799957056,7050.70739599978,24818.768234300198
1720367122,500,,Aggregated,174.000000,1.100000,180,240,320,380,590,850,1900,3800,5100,7100,7100,3622,12,180.0,316.01422455274536,39.00861799957056,7050.70739599978,24964.863335173937
1720367123,500,,Aggregated,168.900000,0.900000,180,240,320,380,590,840,1800,3800,5100,7100,7100,3796,12,180.0,312.6987810511195,39.00861799957056,7050.70739599978,24708.41780821918
1720367124,500,,Aggregated,168.900000,0.800000,180,240,320,380,590,830,1800,3800,5100,7100,7100,3998,12,180.0,310.88850886194473,39.00861799957056,7050.70739599978,24532.698099049525
1720367125,500,,Aggregated,171.600000,1.000000,180,250,320,380,590,830,1700,3600,5000,7100,7100,4115,14,180.0,310.07793016088897,39.00861799957056,7050.70739599978,24206.94143377886
1720367126,500,,Aggregated,170.000000,0.700000,180,250,330,390,590,840,1700,3400,5000,7100,7100,4331,14,180.0,310.51610137382823,39.00861799957056,7050.70739599978,24471.9256522743
1720367127,500,,Aggregated,167.100000,0.600000,180,250,330,390,590,830,1600,3300,5000,7100,7100,4519,14,180.0,307.971437407181,39.00861799957056,7050.70739599978,24205.962381057758
1720367128,500,,Aggregated,173.700000,0.800000,180,250,330,390,600,850,1600,3300,5000,7100,7100,4657,17,180.0,308.81421774297837,39.00861799957056,7050.70739599978,24220.035215804164
1720367129,500,,Aggregated,169.600000,0.900000,180,250,330,400,600,860,1700,2900,5000,7100,7100,4866,17,180.0,309.77552796856594,39.00861799957056,7050.70739599978,24079.84669132758
1720367130,500,,Aggregated,168.700000,0.800000,180,250,330,400,600,860,1700,2900,5000,7100,7100,4970,17,180.0,308.8687801352204,39.00861799957056,7050.70739599978,24174.62615694165
1720367131,500,,Aggregated,166.900000,0.800000,180,250,340,400,600,870,1600,2800,5000,7100,7100,5083,19,180.0,309.05175502814313,39.00861799957056,7050.70739599978,23971.0879401928
1720367132,500,,Aggregated,159.400000,0.700000,180,260,350,400,630,890,1600,2600,5000,7100,7100,5348,19,180.0,313.651381477195,39.00861799957056,7050.70739599978,24341.0428197457
1720367133,500,,Aggregated,167.000000,0.700000,180,260,350,410,630,890,1600,2500,5000,7100,7100,5496,19,180.0,313.97467528239366,39.00861799957056,7050.70739599978,24268.91193595342
1720367134,500,,Aggregated,166.000000,0.800000,180,260,350,410,640,890,1600,2300,5000,7100,7100,5639,20,180.0,313.369919698533,39.00861799957056,7050.70739599978,24361.522965064727
1720367135,500,,Aggregated,161.900000,0.600000,190,260,350,410,640,890,1500,2200,5000,7100,7100,5903,21,190.0,312.1143811932952,39.00861799957056,7050.70739599978,24392.152464848383
1720367136,500,,Aggregated,164.500000,0.700000,190,260,350,410,640,890,1500,2200,5000,7100,7100,6032,21,190.0,312.17739548325926,39.00861799957056,7050.70739599978,24614.781830238728
1720367137,500,,Aggregated,168.800000,0.500000,190,260,350,410,630,880,1500,2200,5000,7100,7100,6166,21,190.0,311.2260619594573,39.00861799957056,7050.70739599978,24702.07379176127
1720367138,500,,Aggregated,162.300000,0.500000,190,270,350,410,630,870,1500,2200,5000,7100,7100,6356,21,190.0,310.05141979877374,39.00861799957056,7050.70739599978,24892.352265575835
1720367139,500,,Aggregated,162.800000,0.500000,190,270,350,410,630,870,1400,2100,5000,7100,7100,6464,21,190.0,308.82178272756903,39.00861799957056,7050.70739599978,24762.805074257427
1720367140,500,,Aggregated,164.500000,0.400000,190,260,350,410,630,870,1400,2100,5000,7100,7100,6526,21,190.0,308.35550106175344,39.00861799957056,7050.70739599978,24951.64342629482
1720367141,500,,Aggregated,164.900000,0.300000,190,270,350,410,630,860,1400,2100,5000,7100,7100,6804,21,190.0,307.8844293946194,39.00861799957056,7050.70739599978,24881.780717225163
1720367142,500,,Aggregated,166.900000,0.300000,190,270,350,410,630,860,1400,2100,5000,7100,7100,6927,21,190.0,307.65521807564517,39.00861799957056,7050.70739599978,24731.289302728455
1720367143,500,,Aggregated,160.700000,0.200000,190,270,360,410,630,870,1400,2000,5000,7100,7100,7070,22,190.0,308.944186402688,39.00861799957056,7050.70739599978,24909.542857142857
1720367144,500,,Aggregated,161.200000,0.200000,190,270,360,410,640,880,1500,2000,5000,7100,7100,7273,23,190.0,310.97182618231705,39.00861799957056,7050.70739599978,24999.585178055822
1720367145,500,,Aggregated,163.900000,0.200000,190,270,360,410,630,880,1400,2000,5000,7100,7100,7460,23,190.0,309.8982422001325,39.00861799957056,7050.70739599978,24793.81420911528
1720367146,500,,Aggregated,163.000000,0.200000,190,270,360,410,630,880,1500,2000,5000,7100,7100,7594,23,190.0,310.2068819768211,39.00861799957056,7050.70739599978,24962.909007110877
1720367147,500,,Aggregated,162.500000,0.200000,190,270,360,420,640,890,1500,2000,5000,7100,7100,7807,23,190.0,310.0972023362356,38.480880999486544,7050.70739599978,24944.796848981685
1720367148,500,,Aggregated,163.700000,0.200000,190,270,360,410,630,880,1500,1900,5000,7100,7100,7997,23,190.0,308.8637542862307,38.480880999486544,7050.70739599978,24825.991371764412
1720367149,500,,Aggregated,167.000000,0.300000,190,270,350,410,630,880,1400,1900,4900,7100,7100,8135,24,190.0,307.81626362679606,38.480880999486544,7050.70739599978,25042.504363859865
1720367150,500,,Aggregated,163.900000,0.300000,190,270,350,410,630,870,1400,1900,4900,7100,7100,8322,25,190.0,306.44522034823,38.480880999486544,7050.70739599978,25185.05118961788
1720367151,517,,Aggregated,165.300000,0.300000,190,270,350,410,630,870,1400,1900,4900,7100,7100,8463,26,190.0,305.80927825002544,38.480880999486544,7050.70739599978,25457.82240340305
1720367152,540,,Aggregated,171.800000,0.400000,190,270,350,410,620,860,1400,1900,4900,7100,7100,8647,26,190.0,303.6164570856906,38.480880999486544,7050.70739599978,25473.034115878338
1720367153,557,,Aggregated,166.600000,0.500000,190,270,350,410,620,850,1400,1900,4900,7100,7100,8773,26,190.0,302.7183938991197,38.480880999486544,7050.70739599978,25607.74284737262
1720367154,580,,Aggregated,170.000000,0.500000,190,270,350,410,620,840,1400,1900,4900,7100,7100,8981,26,190.0,302.7508044018435,38.480880999486544,7050.70739599978,25717.202984077496
1720367155,597,,Aggregated,169.800000,0.300000,190,280,360,410,630,860,1400,1900,4900,7100,7100,9192,27,190.0,305.72276199444764,38.480880999486544,7050.70739599978,25723.069734551784
1720367156,620,,Aggregated,174.600000,0.300000,190,280,360,410,620,850,1400,1900,4900,7100,7100,9379,27,190.0,305.2130820095918,38.480880999486544,7050.70739599978,26000.254611365817
1720367157,640,,Aggregated,175.600000,0.400000,200,280,360,420,630,860,1400,1900,4900,7100,7100,9624,28,200.0,307.34939830714495,38.480880999486544,7050.70739599978,25960.642040731505
1720367158,660,,Aggregated,182.200000,0.600000,200,280,370,420,630,860,1400,1900,4900,7100,7100,9904,36,200.0,307.90775052119943,38.480880999486544,7050.70739599978,25995.911651857834
1720367159,678,,Aggregated,184.700000,0.500000,190,280,370,420,630,850,1400,1900,4900,5600,7100,10087,53,190.0,306.9781862272201,38.480880999486544,7050.70739599978,25987.048577376823
1720367160,700,,Aggregated,186.300000,0.500000,200,280,370,420,630,850,1400,1900,4900,5600,7100,10359,82,200.0,306.5031656563333,38.480880999486544,7050.70739599978,25898.666666666668
1720367161,717,,Aggregated,197.100000,4.900000,200,280,370,420,630,850,1400,1900,4900,5600,7100,10541,114,200.0,307.47802987847115,38.480880999486544,7050.70739599978,25766.754197893937
1720367162,740,,Aggregated,199.900000,8.800000,200,280,370,420,630,860,1500,1900,4900,5600,7100,10777,159,200.0,309.2796810264409,38.480880999486544,7050.70739599978,25830.772756796883
1720367163,760,,Aggregated,212.900000,13.400000,200,280,370,420,630,860,1500,1800,4900,5600,7100,11023,208,200.0,309.30351375541517,38.480880999486544,7050.70739599978,25821.765490338385
1720367164,780,,Aggregated,213.600000,13.400000,200,290,370,430,630,860,1500,1800,4900,5600,7100,11110,222,200.0,309.53765005832065,38.480880999486544,7050.70739599978,25902.38487848785
1720367165,800,,Aggregated,0.000000,0.000000,150,200,460,500,640,670,750,750,750,750,750,27,5,150.0,256.16741007373395,40.208571999755804,750.6495309989987,30605.88888888889
1720367166,800,,Aggregated,0.000000,0.000000,150,260,410,450,520,600,750,750,1600,1600,1600,131,23,150.0,244.25292288541996,40.208571999755804,1608.7862240001414,29985.534351145037
1720367167,800,,Aggregated,0.000000,0.000000,190,350,450,480,670,1100,1400,1600,1600,1600,1600,203,31,190.0,320.08517266503225,40.208571999755804,1633.8469729998906,29292.20197044335
1720367168,800,,Aggregated,133.000000,26.000000,170,320,410,470,710,1000,1200,1300,2000,2000,2000,626,111,170.0,300.776108257199,40.208571999755804,2031.8854279994412,29162.32907348243
1720367169,800,,Aggregated,182.666667,33.333333,170,300,410,480,740,1000,1200,1300,2100,2100,2100,901,167,170.0,302.29039890901885,40.195923000283074,2080.4448970011435,28808.407325194228
1720367170,800,,Aggregated,185.333333,34.333333,170,300,420,490,770,1000,1200,1300,2000,2100,2100,1009,188,170.0,307.7195094479954,38.74422599983518,2080.4448970011435,30539.645193260654
1720367171,800,,Aggregated,211.400000,38.800000,160,270,390,460,700,930,1200,1300,3400,3700,3700,1384,262,160.0,291.3807211596964,38.74422599983518,3662.2746020002523,28321.87789017341
1720367172,800,,Aggregated,222.166667,41.333333,180,300,420,490,710,970,1200,1600,3400,3700,3700,1687,313,180.0,308.3146814072446,38.74422599983518,3662.2746020002523,31781.63663307647
1720367173,800,,Aggregated,223.333333,41.500000,180,310,420,490,740,970,1200,1600,3400,3700,3700,1784,329,180.0,309.4005023408153,38.74422599983518,3662.2746020002523,31535.256165919283
1720367174,800,,Aggregated,229.750000,42.500000,180,300,420,500,770,1000,1200,1600,2100,3700,3700,2176,403,180.0,317.1556510983532,38.74422599983518,3662.2746020002523,30043.26792279412
1720367175,800,,Aggregated,233.666667,43.111111,180,300,430,510,780,1000,1300,1500,2100,3700,3700,2409,447,180.0,320.1692654283977,38.74422599983518,3662.2746020002523,30261.67579908676
1720367176,800,,Aggregated,233.888889,43.111111,190,310,440,520,800,1100,1400,1600,2400,3700,3700,2496,461,190.0,329.84041682091504,38.74422599983518,3662.2746020002523,30226.66987179487
1720367177,800,,Aggregated,262.800000,48.900000,190,330,450,520,780,1000,1300,1600,2100,3700,3700,3010,551,190.0,328.4763021890355,38.74422599983518,3662.2746020002523,32387.650166112955
1720367178,800,,Aggregated,260.300000,47.900000,200,340,460,530,800,1100,1400,1600,2400,3700,3700,3227,574,200.0,338.6226589721051,38.74422599983518,3662.2746020002523,32467.235512860243
1720367179,800,,Aggregated,260.300000,47.900000,200,340,460,530,800,1100,1400,1600,2400,3700,3700,3227,574,200.0,338.6226589721051,38.74422599983518,3662.2746020002523,32467.235512860243
1720367180,800,,Aggregated,252.600000,44.200000,220,350,470,550,840,1100,1500,1700,2500,3700,3700,3734,600,220.0,355.9529523709174,38.74422599983518,3662.2746020002523,31423.049544724156
1720367181,800,,Aggregated,252.700000,40.700000,220,360,480,570,870,1100,1500,1700,2500,3700,3700,3973,602,220.0,362.75947353838427,38.74422599983518,3662.2746020002523,32593.116033224265
1720367182,800,,Aggregated,253.100000,40.700000,220,360,490,580,890,1200,1500,1700,2500,3700,3700,4056,602,220.0,369.45574129955423,38.74422599983518,3662.2746020002523,32995.9065581854
1720367183,800,,Aggregated,250.000000,30.700000,220,350,480,580,900,1200,1500,1700,2500,3700,3700,4442,605,220.0,369.2110525571812,38.74422599983518,3662.2746020002523,32229.621566861773
1720367184,800,,Aggregated,255.400000,26.400000,220,350,480,570,910,1200,1500,1700,2500,3700,3700,4726,605,220.0,368.3667701079123,38.74422599983518,3662.2746020002523,31842.887219636057
1720367185,800,,Aggregated,255.400000,26.400000,220,350,470,570,910,1200,1500,1700,2500,3700,3700,4828,605,220.0,368.2955904765951,38.74422599983518,3662.2746020002523,31647.442212096106
1720367186,800,,Aggregated,254.900000,21.300000,230,350,480,570,910,1200,1500,1700,2500,3700,3700,5070,605,230.0,371.9972139370812,38.74422599983518,3662.2746020002523,31421.387573964497
1720367187,800,,Aggregated,244.400000,11.700000,240,370,490,590,930,1200,1500,1700,2500,3700,3700,5490,607,240.0,382.3286320795986,38.74422599983518,3662.2746020002523,31834.600182149363
1720367188,800,,Aggregated,244.400000,11.700000,240,370,490,600,940,1200,1500,1700,2500,3700,3700,5587,607,240.0,385.35217464489153,38.74422599983518,3662.2746020002523,32167.365849293
1720367189,800,,Aggregated,247.700000,7.300000,240,370,490,590,940,1200,1500,1700,2500,3700,3700,5897,609,240.0,383.4522284012227,38.74422599983518,3662.2746020002523,31651.801085297608
1720367190,800,,Aggregated,256.000000,0.900000,240,360,480,590,940,1200,1500,1700,2500,3700,3700,6309,610,240.0,381.74333418212444,38.74422599983518,3662.2746020002523,31064.976382945
1720367191,800,,Aggregated,256.100000,0.900000,240,360,490,590,940,1200,1500,1700,2500,3700,3700,6397,611,240.0,382.7229230253303,38.74422599983518,3662.2746020002523,31222.176332655934
1720367192,800,,Aggregated,255.800000,0.900000,240,360,490,600,940,1200,1500,1700,2500,3700,3700,6599,611,240.0,382.70848694378407,38.74422599983518,3662.2746020002523,31572.749204424912
1720367193,800,,Aggregated,254.000000,0.800000,240,370,490,610,940,1200,1500,1700,2400,3700,3700,7049,611,240.0,385.18486728089186,38.74422599983518,3662.2746020002523,31812.890622783372
1720367194,800,,Aggregated,254.000000,0.800000,240,370,490,610,930,1200,1500,1700,2400,3700,3700,7164,612,240.0,384.96792647152597,38.74422599983518,3662.2746020002523,31790.91136236739
1720367195,800,,Aggregated,248.000000,0.700000,240,370,500,610,930,1200,1500,1700,2400,3700,3700,7403,612,240.0,386.4404589502913,38.74422599983518,3662.2746020002523,31957.848709982438
1720367196,800,,Aggregated,262.500000,0.800000,240,360,500,610,920,1200,1500,1700,2500,3700,3700,7984,615,240.0,386.3002689114459,38.74422599983518,3662.2746020002523,32349.35495991984
1720367197,800,,Aggregated,268.400000,0.800000,240,360,490,600,910,1200,1500,1700,2500,3700,3700,8190,615,240.0,384.4119913888862,38.74422599983518,3662.2746020002523,32498.782173382173
1720367198,800,,Aggregated,265.600000,0.900000,240,360,490,600,910,1200,1500,1700,2500,3700,3700,8290,615,240.0,383.98560747502694,38.74422599983518,3662.2746020002523,32429.281544028952
1720367199,800,,Aggregated,267.300000,0.800000,240,360,490,600,900,1200,1500,1700,2500,3700,3700,8787,617,240.0,381.7016553399343,38.74422599983518,3662.2746020002523,32219.777626038467
1720367200,800,,Aggregated,259.800000,0.900000,240,360,490,600,900,1200,1500,1700,2500,3700,3700,8984,618,240.0,381.56731513301384,38.74422599983518,3662.2746020002523,32218.450690115762
1720367201,800,,Aggregated,264.600000,0.800000,240,360,490,600,900,1200,1500,1700,2500,3700,3700,9065,618,240.0,383.2418384746822,38.74422599983518,3662.2746020002523,32253.121345835632
1720367202,800,,Aggregated,258.800000,0.800000,240,360,490,590,900,1200,1500,1700,2500,3700,3700,9545,619,240.0,381.2747867829237,38.74422599983518,3662.2746020002523,32418.95306443164
1720367204,800,,Aggregated,265.600000,0.800000,240,360,490,590,890,1100,1500,1700,2500,3700,3700,9738,619,240.0,381.4126610751709,38.74422599983518,3662.2746020002523,32621.592524132266
1720367205,800,,Aggregated,266.200000,0.700000,240,370,500,600,890,1100,1500,1700,2500,3700,3700,9826,619,240.0,382.49688076521676,38.74422599983518,3662.2746020002523,32682.06116425809
1720367206,800,,Aggregated,264.100000,0.900000,250,380,520,620,900,1100,1400,1700,2500,3600,3700,10188,621,250.0,389.4224881870843,38.74422599983518,3662.2746020002523,32957.99234393404
1720367207,800,,Aggregated,255.000000,0.800000,250,390,530,640,910,1200,1500,1800,3400,3700,3900,10373,622,250.0,398.5352143976696,38.74422599983518,3863.8784579998173,33041.05996336643
1720367208,800,,Aggregated,247.800000,0.700000,250,390,530,640,910,1200,1500,1800,3400,3700,3900,10479,622,250.0,400.19709277813104,38.74422599983518,3863.8784579998173,32972.404618761335
1720367209,800,,Aggregated,246.700000,0.600000,260,400,530,640,910,1200,1500,1800,3400,3700,3900,10841,622,260.0,402.0468201359695,38.74422599983518,3863.8784579998173,33123.00498109031
1720367210,800,,Aggregated,247.200000,1.000000,270,410,550,650,930,1200,1600,1800,3500,3800,3900,11161,625,270.0,411.90193761105985,38.74422599983518,3863.8784579998173,33036.36528984858
1720367211,800,,Aggregated,244.000000,0.900000,270,410,550,660,930,1200,1600,1900,3500,3800,3900,11217,625,270.0,414.6961696423321,38.74422599983518,3863.8784579998173,33220.51243648034
1720367212,800,,Aggregated,242.100000,0.700000,270,420,560,660,940,1200,1600,1900,3500,3800,3900,11597,626,270.0,418.71471427731666,38.74422599983518,3863.8784579998173,33108.124514960764
1720367213,800,,Aggregated,242.700000,0.700000,270,410,550,660,940,1200,1600,1900,3600,3900,3900,11877,626,270.0,418.1140347423633,38.74422599983518,3869.3256250007835,33013.59720468132
1720367214,800,,Aggregated,233.900000,0.600000,270,420,560,670,940,1200,1600,1900,3600,3900,4100,11979,626,270.0,419.35447179598066,38.74422599983518,4096.344711000711,32959.652642123714
1720367215,800,,Aggregated,236.000000,0.700000,270,420,570,680,950,1200,1600,1900,3600,3900,4100,12346,627,270.0,422.89398972437044,38.74422599983518,4096.344711000711,33081.81824072574
1720367216,800,,Aggregated,229.700000,0.500000,270,430,580,690,970,1200,1600,1900,3600,3900,4100,12604,628,270.0,428.3007199754907,38.74422599983518,4096.344711000711,33184.422960964774
1720367217,800,,Aggregated,230.200000,0.500000,280,430,580,690,970,1200,1600,1900,3600,3900,4100,12724,628,280.0,429.20888088321914,38.74422599983518,4096.344711000711,33272.16810751336
1720367218,800,,Aggregated,241.200000,0.600000,280,430,580,690,970,1200,1600,1900,3500,3900,4100,13117,629,280.0,429.4984391897587,38.74422599983518,4096.344711000711,33216.94541434779
1720367219,800,,Aggregated,246.900000,0.400000,280,430,580,680,960,1200,1600,1900,3500,3900,4100,13438,629,280.0,428.9186816157215,38.74422599983518,4096.344711000711,33429.67033784789
1720367220,800,,Aggregated,246.900000,0.400000,280,430,580,680,960,1200,1600,1900,3500,3900,4100,13438,629,280.0,428.9186816157215,38.74422599983518,4096.344711000711,33429.67033784789
1720367221,800,,Aggregated,246.200000,0.800000,270,430,570,680,950,1200,1600,1900,3500,3900,4100,13964,636,270.0,424.8288856839785,38.74422599983518,4096.344711000711,33223.25100257806
1720367222,800,,Aggregated,242.900000,1.000000,270,430,570,680,950,1200,1600,1900,3500,3900,4100,14051,637,270.0,424.75561828575036,38.74422599983518,4096.344711000711,33093.98597964558
1720367223,800,,Aggregated,249.700000,1.000000,270,420,570,670,950,1200,1600,1900,3500,3900,4100,14136,637,270.0,423.5760933829276,38.74422599983518,4096.344711000711,33032.30312676854
1720367224,800,,Aggregated,241.100000,1.300000,280,430,570,680,960,1200,1600,1900,3500,3900,4100,14679,640,280.0,426.4673171023286,38.74422599983518,4096.344711000711,32978.226718441314
1720367225,800,,Aggregated,241.900000,1.400000,280,430,570,680,960,1200,1600,1900,3500,3900,4100,14840,641,280.0,426.45728638396696,38.74422599983518,4096.344711000711,32869.37715633423
1720367226,800,,Aggregated,242.500000,1.500000,280,430,580,680,970,1300,1600,1900,3500,3900,4100,14958,642,280.0,431.2649515060224,38.74422599983518,4096.344711000711,32824.6835806926
1720367227,800,,Aggregated,247.400000,1.600000,280,430,580,680,980,1300,1600,1900,3500,3900,4100,15483,646,280.0,433.81156280366025,38.74422599983518,4096.344711000711,32837.531486146094
1720367228,800,,Aggregated,240.500000,1.700000,280,430,580,680,980,1300,1600,1900,3500,3900,4100,15575,647,280.0,434.27615090587864,38.74422599983518,4096.344711000711,32832.52398073836
1720367229,800,,Aggregated,240.500000,1.700000,280,430,580,680,980,1300,1600,1900,3500,3900,4100,15575,647,280.0,434.27615090587864,38.74422599983518,4096.344711000711,32832.52398073836
1720367230,800,,Aggregated,231.500000,2.000000,280,440,580,690,980,1300,1600,1900,3500,3900,4100,16042,651,280.0,436.328580375517,38.74422599983518,4096.344711000711,32896.49806757262
1720367231,844,,Aggregated,235.200000,1.900000,280,440,580,690,990,1300,1600,1900,3500,3900,4100,16272,652,280.0,437.55328970889013,38.74422599983518,4096.344711000711,32880.38016224189
1720367232,900,,Aggregated,235.200000,1.900000,280,440,580,690,990,1300,1600,1900,3500,3900,4100,16272,652,280.0,437.55328970889013,38.74422599983518,4096.344711000711,32880.38016224189
1720367233,944,,Aggregated,229.100000,1.700000,290,440,580,700,990,1300,1600,1900,3500,4100,4800,16725,654,290.0,439.8570234791067,38.74422599983518,4795.595530000355,33045.07121076233
1720367234,994,,Aggregated,240.100000,1.600000,290,440,590,700,1000,1300,1700,1900,3500,4100,4800,17129,659,290.0,445.85827747282553,38.74422599983518,4795.595530000355,32856.8053009516
1720367235,1044,,Aggregated,240.100000,1.600000,290,440,590,700,1000,1300,1700,1900,3500,4100,4800,17129,659,290.0,445.85827747282553,38.74422599983518,4795.595530000355,32856.8053009516
1720367236,1081,,Aggregated,244.400000,1.700000,290,450,590,710,1000,1300,1700,2000,3500,4100,4800,17423,660,290.0,451.6241439117274,38.74422599983518,4795.595530000355,32792.326637203696
1720367237,1150,,Aggregated,235.800000,1.800000,300,460,610,740,1100,1400,1900,2200,3700,5600,5600,17800,663,300.0,468.93210777854074,38.74422599983518,5586.311111999748,32901.003707865166
1720367238,1193,,Aggregated,235.800000,1.800000,300,460,610,740,1100,1400,1900,2200,3700,5600,5600,17800,663,300.0,468.93210777854074,38.74422599983518,5586.311111999748,32901.003707865166
1720367239,1250,,Aggregated,238.000000,1.600000,300,470,620,750,1100,1400,1900,2300,3600,5600,5600,18099,664,300.0,476.5072770011075,38.74422599983518,5586.311111999748,33000.56058345765
1720367240,1293,,Aggregated,250.000000,1.600000,310,490,640,780,1100,1500,2000,2500,4000,5900,6500,18824,667,310.0,500.40256613461906,38.74422599983518,6470.416010999543,32726.67344878878
1720367241,1293,,Aggregated,0.000000,0.000000,N/A,N/A,N/A,N/A,N/A,N/A,N/A,N/A,N/A,N/A,N/A,0,0,0,0.0,0,0,0
1720367242,1300,,Aggregated,0.000000,0.000000,470,1100,1700,2000,3600,4400,4800,5000,7600,7600,7600,161,2,470.0,1242.5013465714378,223.02938699976949,7563.641325001299,25748.931677018634
1720367243,1300,,Aggregated,182.000000,3.000000,450,600,880,1200,2000,4000,4800,5900,8400,8400,8400,592,9,450.0,911.3377201030952,206.6423329997633,8400.731734998772,23454.346283783783
1720367244,1300,,Aggregated,182.000000,3.000000,450,600,880,1200,2000,4000,4800,5900,8400,8400,8400,592,9,450.0,911.3377201030952,206.6423329997633,8400.731734998772,23454.346283783783
1720367245,1300,,Aggregated,237.500000,4.500000,470,730,1200,1600,2400,4100,4900,6200,8400,8400,8400,832,10,470.0,995.4685096887423,187.98255000001518,8400.731734998772,24484.49158653846
1720367246,1300,,Aggregated,276.250000,2.750000,410,620,930,1100,1800,3400,4800,5800,8400,12000,12000,1626,14,410.0,847.1565159034753,64.31795500066073,11828.478125999027,25740.39237392374
1720367247,1300,,Aggregated,276.250000,2.750000,410,620,930,1100,1800,3400,4800,5800,8400,12000,12000,1626,14,410.0,847.1565159034753,64.31795500066073,11828.478125999027,25740.39237392374
1720367248,1300,,Aggregated,290.000000,2.200000,380,570,830,1000,1800,3400,4800,5800,9900,12000,12000,1911,16,380.0,809.7248068362356,57.07379100022081,11828.478125999027,24873.12715855573
1720367249,1300,,Aggregated,296.666667,2.333333,340,510,750,980,1700,3300,4800,5700,9900,12000,12000,2446,22,340.0,765.5978779031204,52.75700500169478,11828.478125999027,24308.865903515944
1720367250,1300,,Aggregated,290.428571,2.285714,330,500,730,970,1700,3300,4800,5700,9900,12000,12000,2552,24,330.0,755.6756830243069,49.05599700032326,11828.478125999027,24961.561520376177
1720367251,1300,,Aggregated,300.444444,2.666667,320,480,690,920,1700,3300,4600,5700,9900,12000,12000,2876,27,320.0,737.4143388105057,40.946959001303185,11828.478125999027,26041.974617524338
1720367252,1300,,Aggregated,299.400000,2.800000,300,430,640,850,1700,3400,4600,5800,9900,12000,12000,3391,32,300.0,708.7709294724377,40.946959001303185,11828.478125999027,24652.637864936598
1720367253,1300,,Aggregated,302.700000,3.100000,300,420,630,840,1700,3400,4600,5700,9900,12000,12000,3521,36,300.0,702.9160310553934,40.946959001303185,11828.478125999027,25203.915080942916
1720367254,1300,,Aggregated,312.200000,2.800000,300,440,660,880,1800,3600,4600,5800,10000,15000,15000,3896,41,300.0,737.7836132233168,40.946959001303185,15327.022243000101,25568.270790554416
1720367255,1300,,Aggregated,321.200000,3.700000,300,430,640,870,1800,3500,4500,5600,9900,15000,15000,4351,52,300.0,728.250741682613,40.946959001303185,15327.022243000101,26078.356010112617
1720367256,1300,,Aggregated,322.700000,3.700000,300,440,650,870,1800,3400,4500,5500,9900,15000,15000,4481,53,300.0,726.4567350727608,40.946959001303185,15327.022243000101,25699.69604998884
1720367257,1300,,Aggregated,307.900000,4.200000,310,450,660,870,1800,3400,4500,5700,15000,17000,17000,4691,54,310.0,740.6776696469929,40.946959001303185,17488.847947999602,25595.83542954594
1720367258,1300,,Aggregated,306.800000,4.100000,320,480,700,920,1800,3400,4600,6200,18000,19000,19000,5326,61,320.0,788.6534481763107,40.946959001303185,19156.80424400125,26363.10570784829
1720367259,1300,,Aggregated,306.800000,4.100000,320,480,700,920,1800,3400,4600,6200,18000,19000,19000,5326,61,320.0,788.6534481763107,40.946959001303185,19156.80424400125,26363.10570784829
1720367260,1300,,Aggregated,292.600000,3.700000,320,480,700,910,1800,3400,4700,6600,19000,20000,20000,5494,61,320.0,809.2197580888302,40.946959001303185,20192.810939000992,26162.59501274117
1720367261,1300,,Aggregated,304.000000,4.200000,340,510,730,970,1800,3600,5800,18000,20000,22000,22000,6168,70,340.0,959.4231108451775,40.946959001303185,22367.11285199999,26424.530155642024
1720367262,1300,,Aggregated,304.000000,4.200000,340,510,730,970,1800,3600,5800,18000,20000,22000,22000,6168,70,340.0,959.4231108451775,40.946959001303185,22367.11285199999,26424.530155642024
1720367263,1300,,Aggregated,302.700000,3.900000,350,560,850,1100,2100,3800,8500,19000,21000,22000,22000,6647,74,350.0,1100.702818135558,40.946959001303185,22367.11285199999,26104.71806830149
1720367264,1300,,Aggregated,305.400000,3.900000,370,580,870,1100,2100,4000,18000,19000,21000,24000,24000,7163,78,370.0,1191.4220788213108,40.946959001303185,23787.445579000632,26293.16208292615
1720367265,1300,,Aggregated,302.100000,3.200000,370,580,870,1100,2100,4000,18000,19000,21000,24000,24000,7280,78,370.0,1207.0206060979467,40.946959001303185,23787.445579000632,26247.996153846154
1720367266,1300,,Aggregated,310.000000,2.900000,380,610,890,1100,2100,4000,19000,19000,22000,24000,24000,7611,82,380.0,1230.1724766854636,40.946959001303185,24037.32944500007,26224.136644330574
1720367267,1300,,Aggregated,312.800000,2.900000,380,620,920,1200,2200,4100,19000,19000,22000,24000,24000,8056,85,380.0,1264.7304435355106,40.946959001303185,24370.200313998794,26392.159508440913
1720367268,1300,,Aggregated,298.300000,2.700000,390,620,920,1200,2200,4100,19000,19000,22000,24000,24000,8198,102,390.0,1276.1946390653904,40.946959001303185,24370.200313998794,26258.351671139302
1720367269,1300,,Aggregated,301.300000,2.900000,390,620,930,1200,2200,4100,19000,19000,22000,24000,24000,8332,122,390.0,1280.2921172782142,40.946959001303185,24370.200313998794,26021.45823331733
1720367270,1300,,Aggregated,308.500000,3.100000,390,620,940,1200,2300,4200,19000,19000,24000,30000,30000,9083,274,390.0,1285.0719503179666,40.946959001303185,29994.67703099981,25815.22140262028
1720367271,1300,,Aggregated,312.000000,12.500000,390,620,950,1200,2400,4300,19000,20000,24000,30000,30000,9254,317,390.0,1300.5464863868694,40.946959001303185,29994.67703099981,25682.383293710827
1720367272,1300,,Aggregated,331.700000,25.500000,390,620,950,1200,2400,4300,19000,20000,24000,30000,30000,9377,335,390.0,1296.2199699466876,40.946959001303185,29994.67703099981,25498.444171909992
1720367273,1300,,Aggregated,337.500000,26.600000,390,620,950,1200,2400,4300,18000,19000,24000,30000,30000,9897,453,390.0,1276.9385291776368,40.946959001303185,29994.67703099981,25549.81661109427
1720367274,1300,,Aggregated,325.000000,31.000000,390,630,970,1200,2400,4300,18000,19000,24000,29000,30000,10376,545,390.0,1276.5456257094331,40.946959001303185,29994.67703099981,25289.59194294526
1720367275,1300,,Aggregated,331.000000,46.900000,390,630,960,1200,2400,4300,18000,19000,24000,29000,30000,10521,578,390.0,1267.353206179742,40.946959001303185,29994.67703099981,25189.912080600705
1720367276,1300,,Aggregated,337.000000,47.600000,400,640,950,1200,2300,4200,17000,19000,24000,29000,30000,11084,694,400.0,1247.577299677288,40.946959001303185,29994.67703099981,24637.18711656442
1720367277,1300,,Aggregated,333.100000,53.400000,400,640,960,1200,2300,4100,17000,19000,24000,29000,30000,11551,793,400.0,1234.3498611238037,40.946959001303185,29994.67703099981,24672.350186131072
1720367278,1300,,Aggregated,344.500000,68.000000,400,640,970,1200,2300,4200,16000,19000,24000,29000,30000,11610,799,400.0,1236.301125472787,40.946959001303185,29994.67703099981,24921.208182601207
1720367279,1300,,Aggregated,346.200000,68.500000,390,630,940,1200,2200,4100,14000,19000,24000,29000,30000,12179,913,390.0,1205.7064322070828,40.946959001303185,29994.67703099981,25043.66795303391
1720367280,1300,,Aggregated,359.000000,75.800000,380,610,920,1100,2200,4100,11000,19000,24000,29000,30000,12624,1003,380.0,1179.5856458365859,40.946959001303185,29994.67703099981,24848.82485741445
1720367281,1300,,Aggregated,361.400000,76.100000,380,620,920,1100,2200,4000,11000,19000,24000,29000,30000,12829,1043,380.0,1173.964796946376,40.946959001303185,29994.67703099981,24831.654922441343
1720367282,1300,,Aggregated,364.700000,77.000000,380,620,910,1100,2100,3900,11000,19000,24000,29000,30000,13343,1162,380.0,1154.0770628756668,40.946959001303185,29994.67703099981,24734.324514726824
1720367283,1300,,Aggregated,371.900000,75.800000,380,620,910,1100,2100,3800,10000,19000,24000,29000,30000,13754,1243,380.0,1139.9252219133357,40.946959001303185,29994.67703099981,24398.964955649266
1720367284,1300,,Aggregated,367.900000,75.900000,380,610,900,1100,2100,3800,9900,19000,24000,29000,30000,13871,1266,380.0,1136.542554234952,40.946959001303185,29994.67703099981,24443.70355417778
1720367285,1300,,Aggregated,372.100000,77.100000,380,610,890,1100,2000,3800,8900,19000,23000,29000,30000,14478,1371,380.0,1119.595386312822,40.946959001303185,29994.67703099981,24787.149399088274
1720367286,1300,,Aggregated,376.100000,78.400000,380,610,890,1100,2000,3700,8500,19000,23000,29000,30000,14688,1412,380.0,1115.9742471749075,40.946959001303185,29994.67703099981,24865.265522875816
1720367287,1300,,Aggregated,360.400000,72.100000,380,610,920,1100,2100,3800,8700,19000,23000,29000,30000,14886,1436,380.0,1126.717707402864,40.946959001303185,29994.67703099981,24985.8062609163
1720367288,1300,,Aggregated,355.900000,67.500000,380,610,920,1200,2100,3800,8100,19000,23000,29000,30000,15522,1493,380.0,1115.1429679177963,40.946959001303185,29994.67703099981,25212.472361809047
1720367289,1300,,Aggregated,360.600000,68.400000,380,610,910,1200,2100,3700,7900,19000,23000,29000,30000,15832,1517,380.0,1107.3304806125589,40.946959001303185,29994.67703099981,25094.359967155127
1720367290,1300,,Aggregated,357.700000,59.600000,380,610,910,1200,2100,3700,7700,19000,23000,29000,30000,16078,1523,380.0,1101.8224826505175,40.946959001303185,29994.67703099981,25245.274972011444
1720367291,1300,,Aggregated,341.800000,50.800000,380,600,890,1100,2100,3700,7600,19000,23000,29000,30000,16599,1529,380.0,1089.7324252185085,40.946959001303185,29994.67703099981,25580.87053436954
1720367292,1300,,Aggregated,342.000000,50.800000,380,600,890,1100,2100,3600,7500,19000,23000,29000,30000,16715,1529,380.0,1087.0188516858525,40.946959001303185,29994.67703099981,25699.97313790009
1720367293,1300,,Aggregated,333.600000,37.600000,380,590,890,1100,2100,3700,7500,19000,23000,29000,30000,16836,1529,380.0,1086.038705084524,40.946959001303185,29994.67703099981,25945.90639106676
1720367294,1300,,Aggregated,336.400000,30.600000,380,590,890,1100,2100,3600,7600,19000,23000,29000,30000,17505,1538,380.0,1082.9360784987734,40.946959001303185,29994.67703099981,25784.501285347043
1720367295,1300,,Aggregated,336.700000,30.600000,380,590,890,1100,2100,3700,7600,19000,23000,29000,30000,17616,1538,380.0,1082.6440225149881,40.946959001303185,29994.67703099981,25930.014759309717
1720367296,1300,,Aggregated,336.700000,30.600000,380,590,890,1100,2100,3700,7600,19000,23000,29000,30000,17616,1538,380.0,1082.6440225149881,40.946959001303185,29994.67703099981,25930.014759309717
1720367297,1300,,Aggregated,323.200000,13.900000,380,610,920,1200,2100,3800,8000,19000,23000,29000,30000,18385,1548,380.0,1098.7215325890159,40.946959001303185,29994.67703099981,25913.055860756052
1720367298,1300,,Aggregated,321.600000,9.200000,380,610,920,1200,2200,3800,8100,19000,23000,29000,30000,18587,1550,380.0,1105.0170553135565,40.946959001303185,29994.67703099981,25903.42120837144
1720367299,1300,,Aggregated,321.600000,9.200000,380,610,920,1200,2200,3800,8100,19000,23000,29000,30000,18587,1550,380.0,1105.0170553135565,40.946959001303185,29994.67703099981,25903.42120837144
1720367300,1300,,Aggregated,291.300000,3.200000,390,610,930,1200,2200,4000,9400,19000,22000,29000,30000,19252,1644,390.0,1129.9758174295691,40.946959001303185,29994.67703099981,25764.653282775816
1720367301,1300,,Aggregated,295.500000,3.400000,390,620,930,1200,2200,4000,9900,18000,22000,29000,30000,19513,1686,390.0,1144.0686147927067,40.946959001303185,29994.67703099981,25734.72782247732
1720367302,1300,,Aggregated,314.900000,15.000000,390,620,950,1200,2200,4100,10000,18000,22000,29000,30000,19647,1703,390.0,1153.888914193062,40.946959001303185,29994.67703099981,25645.09288949967
1720367303,1300,,Aggregated,306.000000,18.300000,400,630,950,1200,2200,4100,9900,18000,22000,28000,30000,20208,1752,400.0,1153.618542553846,40.946959001303185,29994.67703099981,25880.4120645289
1720367304,1300,,Aggregated,305.600000,21.400000,400,620,950,1200,2200,4000,9900,18000,22000,28000,30000,20610,1798,400.0,1152.8153648897198,40.946959001303185,29994.67703099981,25930.232459970888
1720367305,1300,,Aggregated,306.400000,21.400000,400,630,950,1200,2200,4000,9900,18000,22000,28000,30000,20737,1809,400.0,1153.6317168847047,40.946959001303185,29994.67703099981,25830.17085402903
1720367306,1300,,Aggregated,327.200000,28.400000,400,630,950,1200,2300,4100,9800,18000,22000,28000,30000,21164,1871,400.0,1152.3011694866334,40.946959001303185,29994.67703099981,25978.64467964468
1720367307,1300,,Aggregated,309.500000,30.200000,400,630,960,1200,2300,4100,9800,18000,22000,28000,30000,21387,1894,400.0,1153.0588264571054,40.946959001303185,29994.67703099981,26141.499602562304
1720367308,1300,,Aggregated,299.500000,32.700000,400,630,960,1200,2300,4100,9700,18000,22000,28000,30000,21504,1906,400.0,1153.5108066463963,40.8610940012295,29994.67703099981,26347.787248883928
1720367310,1300,,Aggregated,301.900000,35.500000,390,620,950,1200,2300,4100,9700,18000,22000,28000,30000,21854,1967,390.0,1148.038467749799,40.8610940012295,29994.67703099981,26720.018989658645
1720367311,1350,,Aggregated,294.700000,38.800000,390,620,950,1200,2300,4100,9700,18000,22000,28000,30000,21986,1988,390.0,1143.832742058178,40.8610940012295,29994.67703099981,26725.34931319931
1720367312,1400,,Aggregated,271.800000,30.400000,390,620,940,1200,2300,4100,9700,18000,22000,28000,30000,22144,2016,390.0,1140.103063916235,40.8610940012295,29994.67703099981,26762.198067196532
1720367313,1450,,Aggregated,260.200000,33.700000,390,610,930,1200,2300,4200,9500,17000,22000,28000,30000,22534,2131,390.0,1142.0818734630382,40.8610940012295,29994.67703099981,26803.23950474838
1720367314,1500,,Aggregated,255.700000,33.300000,390,610,940,1200,2300,4300,9500,17000,22000,28000,30000,22809,2194,390.0,1159.484762253457,40.8610940012295,29994.67703099981,26701.65987110351
1720367315,1544,,Aggregated,246.300000,37.500000,390,620,950,1200,2400,4500,9500,17000,22000,28000,30000,23006,2238,390.0,1175.9897402881468,40.8610940012295,29994.67703099981,26687.091584803966
1720367316,1600,,Aggregated,264.600000,48.500000,390,640,1000,1300,2600,5700,10000,17000,22000,28000,30000,23744,2379,390.0,1260.4896097379603,40.8610940012295,29994.67703099981,26490.648332210243
1720367317,1650,,Aggregated,267.700000,48.900000,400,640,1000,1300,2600,5800,10000,17000,22000,28000,30000,23893,2401,400.0,1262.879805432558,40.8610940012295,29994.67703099981,26491.293223956807
1720367318,1694,,Aggregated,289.000000,55.200000,400,650,1000,1300,2700,6000,10000,16000,22000,28000,30000,24188,2454,400.0,1279.3043134766458,40.8610940012295,29994.67703099981,26395.387092773275
1720367319,1744,,Aggregated,295.600000,58.200000,400,660,1000,1300,2700,6000,10000,16000,22000,28000,30000,24542,2515,400.0,1282.5700527869833,40.8610940012295,29994.67703099981,26356.96532474941
1720367320,1800,,Aggregated,298.600000,61.800000,400,670,1000,1400,2700,6000,10000,16000,22000,28000,30000,24814,2583,400.0,1288.4483097689258,40.8610940012295,29994.67703099981,26546.811638591116
1720367321,1850,,Aggregated,292.900000,61.900000,410,680,1000,1400,2700,6100,10000,16000,22000,28000,30000,24941,2627,410.0,1295.0150182568511,40.8610940012295,29994.67703099981,26605.47335712281
1720367322,1900,,Aggregated,293.600000,61.900000,410,680,1100,1400,2800,6100,10000,16000,22000,28000,30000,25049,2665,410.0,1300.7230172353034,40.8610940012295,29994.67703099981,26613.831290670285
1720367323,1950,,Aggregated,293.600000,61.900000,410,690,1100,1400,2800,6000,10000,16000,22000,28000,30000,25179,2716,410.0,1307.206025216653,40.8610940012295,29994.67703099981,26727.705309980538
1720367324,2000,,Aggregated,279.000000,64.900000,420,750,1200,1500,3300,6400,10000,15000,22000,28000,30000,25827,2870,420.0,1373.9919020631557,40.8610940012295,29994.67703099981,26671.248925543037
1720367325,2050,,Aggregated,279.000000,64.900000,420,760,1200,1600,3300,6400,10000,15000,22000,28000,30000,25942,2893,420.0,1385.0163720071364,40.8610940012295,29994.67703099981,26599.342032225733
1720367326,2100,,Aggregated,0.000000,0.000000,2400,2400,2400,2400,2400,2400,2400,2400,2400,2400,2400,2,2,1713.9678679995995,2059.571803999461,1713.9678679995995,2405.175739999322,75.0
1720367327,2100,,Aggregated,0.000000,0.000000,4300,4300,6700,6700,8000,8000,8000,8000,8000,8000,8000,6,6,2400.0,4126.815181166421,1713.9678679995995,7959.40026199969,128.66666666666666
1720367328,2100,,Aggregated,0.000000,0.000000,4300,4300,6700,6700,8000,8000,8000,8000,8000,8000,8000,6,6,2400.0,4126.815181166421,1713.9678679995995,7959.40026199969,128.66666666666666
1720367329,2100,,Aggregated,3.000000,3.000000,2600,3100,3500,3600,4100,7900,10000,11000,11000,11000,11000,286,83,2600.0,2748.7089136084373,180.61576299987792,11158.920076999493,13161.702797202797
1720367330,2100,,Aggregated,3.000000,3.000000,2500,3100,3500,3600,4300,8500,11000,11000,13000,13000,13000,640,181,2500.0,2786.785986034431,162.99901099955605,12851.33878600027,21568.9640625
1720367331,2100,,Aggregated,3.000000,3.000000,2500,3100,3500,3600,4800,8500,11000,11000,13000,13000,13000,708,199,2500.0,2825.062631641285,162.99901099955605,12851.33878600027,19973.4604519774
1720367332,2100,,Aggregated,142.600000,40.200000,2500,3100,3500,3700,4800,8500,11000,11000,13000,13000,13000,718,206,2500.0,2835.704973956861,162.99901099955605,12851.33878600027,20118.657381615598
1720367333,2100,,Aggregated,143.000000,40.400000,2600,3100,3500,3700,5200,8500,11000,11000,13000,13000,13000,726,212,2500.0,2867.8024380661495,162.99901099955605,12851.33878600027,20056.775482093664
1720367334,2100,,Aggregated,119.666667,34.166667,2700,3400,3700,3900,6800,8600,11000,11000,13000,13000,13000,800,231,2700.0,3092.4858148212843,162.99901099955605,12851.33878600027,18844.8175
1720367335,2100,,Aggregated,102.857143,29.571429,2900,3700,4300,5000,7400,8600,10000,11000,13000,15000,15000,1045,314,2900.0,3429.0764964067307,162.99901099955605,15262.358214000415,18668.688038277513
1720367336,2100,,Aggregated,90.750000,26.500000,3200,4100,5400,5600,7900,8600,9500,11000,13000,15000,15000,1380,412,3200.0,3743.880324935538,162.99901099955605,15262.358214000415,19472.848550724637
1720367337,2100,,Aggregated,90.750000,26.500000,3200,4200,5400,5600,7900,8600,9500,11000,13000,15000,15000,1384,412,3200.0,3751.6212705448297,162.99901099955605,15262.358214000415,20083.165462427747
1720367338,2100,,Aggregated,138.400000,41.100000,3200,4200,5400,5600,7900,8600,9500,11000,13000,15000,15000,1386,413,3200.0,3752.850686021677,162.99901099955605,15262.358214000415,20054.556277056276
1720367339,2100,,Aggregated,138.200000,40.900000,3200,4100,5400,5700,7900,8700,9500,11000,15000,16000,16000,1598,577,3200.0,3729.3571172190473,11.28478600003291,15962.479805999465,20255.20901126408
1720367340,2100,,Aggregated,137.900000,40.600000,3200,4100,5400,5700,7900,8800,9900,11000,16000,16000,16000,1680,631,3200.0,3751.537794814901,11.28478600003291,15962.479805999465,20623.335714285713
1720367341,2100,,Aggregated,112.900000,53.000000,3400,4400,5600,6300,8200,9300,11000,13000,22000,24000,24000,1902,744,3400.0,4004.7585773691094,11.28478600003291,23880.32229899909,22852.323869610937
1720367342,2100,,Aggregated,141.600000,62.600000,3600,5400,6500,7500,9300,11000,18000,19000,22000,24000,24000,2252,912,3600.0,4716.935347466716,11.28478600003291,23880.32229899909,21691.99511545293
1720367343,2100,,Aggregated,146.600000,63.400000,3700,5600,6900,7900,9900,16000,19000,21000,24000,26000,26000,2327,961,3700.0,5065.906359989273,11.28478600003291,25615.925965001225,22501.007735281477
1720367344,2100,,Aggregated,157.700000,72.800000,3800,5700,7300,8100,11000,19000,22000,24000,40000,41000,41000,2453,1080,3800.0,5519.436791823089,11.28478600003291,40776.264727001035,21353.79820627803
1720367345,2100,,Aggregated,158.100000,73.100000,4100,6600,8900,11000,21000,23000,25000,25000,40000,41000,41000,3228,1749,4100.0,7269.714216673507,11.28478600003291,41129.99938400026,21928.6239157373
1720367346,2100,,Aggregated,119.500000,72.600000,4300,7000,9400,16000,21000,23000,25000,26000,41000,103000,103000,3539,2015,4300.0,7687.470701661231,11.28478600003291,103082.07117200072,21805.13647923142
1720367347,2100,,Aggregated,215.800000,160.500000,4200,6900,9300,16000,21000,23000,25000,26000,41000,103000,103000,3592,2066,4200.0,7625.39410069574,11.28478600003291,103082.07117200072,21731.434020044544
1720367348,2100,,Aggregated,218.600000,163.300000,4000,6600,9100,14000,21000,23000,25000,26000,41000,103000,103000,3705,2174,4000.0,7477.016502123373,11.28478600003291,103082.07117200072,21465.32253711201
1720367349,2100,,Aggregated,219.100000,163.800000,4000,6400,9000,12000,21000,23000,25000,26000,41000,103000,103000,3768,2236,4000.0,7393.578902089728,11.28478600003291,103082.07117200072,21225.45116772824
1720367350,2100,,Aggregated,235.300000,179.500000,3900,6200,8800,11000,21000,23000,25000,26000,41000,103000,103000,3875,2340,3900.0,7264.812985029443,11.28478600003291,103082.07117200072,20970.28335483871
1720367351,2100,,Aggregated,206.100000,166.600000,3600,5700,8100,10000,21000,23000,25000,25000,40000,103000,103000,4238,2700,3600.0,6872.5003973055855,11.28478600003291,103082.07117200072,19477.75507314771
1720367352,2100,,Aggregated,209.100000,187.100000,3500,5400,7800,9400,20000,23000,25000,25000,40000,103000,103000,4500,2961,3500.0,6647.3735997711265,11.28478600003291,103082.07117200072,18440.988
1720367353,2100,,Aggregated,219.300000,200.000000,3400,5300,7600,9300,20000,23000,25000,25000,40000,103000,103000,4569,3030,3400.0,6583.139888397914,11.28478600003291,103082.07117200072,18162.4963887065
1720367354,2100,,Aggregated,238.600000,220.800000,3300,4800,6700,8500,20000,22000,25000,25000,28000,103000,103000,5019,3479,3300.0,6280.719043879076,11.28478600003291,103082.07117200072,16621.272365012952
1720367355,2100,,Aggregated,238.600000,220.800000,3300,4800,6700,8500,20000,22000,25000,25000,28000,103000,103000,5019,3479,3300.0,6280.719043879076,11.28478600003291,103082.07117200072,16621.272365012952
1720367356,2100,,Aggregated,252.700000,240.600000,3200,4500,6300,8200,20000,22000,25000,25000,28000,103000,103000,5256,3618,3200.0,6104.0331808263045,11.28478600003291,103082.07117200072,16114.927511415524
1720367357,2100,,Aggregated,168.700000,167.000000,3100,4300,5900,7700,19000,22000,24000,25000,28000,103000,103000,5674,3739,3000.0,5835.4153446360715,11.28478600003291,103082.07117200072,15434.71307719422
1720367358,2100,,Aggregated,169.000000,167.300000,3000,4200,5800,7600,19000,22000,24000,25000,28000,103000,103000,5735,3747,3000.0,5797.801192817097,11.28478600003291,103082.07117200072,15283.185004359199
1720367359,2100,,Aggregated,197.500000,168.700000,3000,4100,5700,7500,19000,22000,24000,25000,28000,103000,103000,5971,3801,3000.0,5739.5074219197895,11.28478600003291,103082.07117200072,15280.077541450344
1720367360,2100,,Aggregated,211.500000,146.800000,3000,4300,5900,7800,19000,22000,24000,25000,28000,103000,103000,6126,3859,3000.0,5797.95196814284,11.28478600003291,103082.07117200072,15428.84949396017
1720367361,2100,,Aggregated,212.200000,146.800000,3000,4300,5900,7800,19000,22000,24000,25000,28000,103000,103000,6155,3871,3000.0,5800.066139862883,11.28478600003291,103082.07117200072,15411.986027619821
1720367362,2100,,Aggregated,192.900000,117.400000,3000,4200,5900,7700,19000,22000,24000,25000,28000,103000,103000,6213,3877,3000.0,5760.376668287952,11.28478600003291,103082.07117200072,15410.99002092387
1720367363,2100,,Aggregated,183.500000,103.000000,3000,4200,5800,7600,19000,22000,24000,25000,28000,103000,103000,6306,3883,3000.0,5686.339803282275,11.28478600003291,103082.07117200072,15499.793529971455
1720367364,2100,,Aggregated,183.500000,103.000000,3000,4200,5800,7600,19000,22000,24000,25000,28000,103000,103000,6306,3883,3000.0,5686.339803282275,11.28478600003291,103082.07117200072,15499.793529971455
1720367365,2100,,Aggregated,147.800000,59.400000,2900,4100,5800,7600,18000,22000,24000,25000,28000,103000,103000,6356,3884,2900.0,5643.835027414731,11.28478600003291,103082.07117200072,15632.544524858402
1720367366,2100,,Aggregated,127.300000,33.900000,2900,4100,5700,7500,18000,22000,24000,25000,28000,103000,103000,6434,3890,2900.0,5579.138582756919,11.28478600003291,103082.07117200072,15808.116101958347
1720367367,2100,,Aggregated,127.500000,33.900000,2900,4100,5700,7500,18000,22000,24000,25000,28000,103000,103000,6446,3890,2900.0,5569.029438806704,11.28478600003291,103082.07117200072,15852.064536146447
1720367368,2100,,Aggregated,89.700000,15.400000,2900,4000,5700,7400,18000,22000,24000,25000,28000,103000,103000,6489,3893,2900.0,5534.83457247573,11.28478600003291,103082.07117200072,15775.506703652334
1720367369,2100,,Aggregated,58.700000,13.500000,2800,4000,5600,7400,18000,22000,24000,25000,28000,103000,103000,6581,3898,2800.0,5484.596315092692,11.28478600003291,103082.07117200072,15956.69670262878
1720367370,2100,,Aggregated,58.700000,13.500000,2800,4000,5600,7400,18000,22000,24000,25000,28000,103000,103000,6591,3898,2800.0,5479.88919242907,11.28478600003291,103082.07117200072,16173.22697617964
1720367371,2100,,Aggregated,49.900000,4.500000,2800,4000,5600,7300,18000,22000,24000,25000,28000,103000,103000,6661,3899,2800.0,5434.6164968819985,11.28478600003291,103082.07117200072,16412.7961267077
1720367372,2100,,Aggregated,49.200000,2.300000,2800,3900,5600,7100,18000,22000,24000,25000,28000,103000,103000,6761,3901,2800.0,5362.158884979293,11.28478600003291,103082.07117200072,16616.926046442833
1720367373,2100,,Aggregated,49.200000,2.300000,2800,3900,5600,7100,18000,22000,24000,25000,28000,103000,103000,6761,3901,2800.0,5362.158884979293,11.28478600003291,103082.07117200072,16616.926046442833
1720367374,2100,,Aggregated,51.100000,2.100000,2700,3900,5500,7000,18000,22000,24000,25000,28000,103000,103000,6822,3902,2700.0,5316.508837767663,11.28478600003291,103082.07117200072,17003.1593374377
1720367375,2100,,Aggregated,51.400000,2.000000,2700,3900,5400,6900,17000,22000,24000,25000,28000,103000,103000,6939,3907,2700.0,5232.039936055338,11.28478600003291,103082.07117200072,17582.357688427728
1720367376,2100,,Aggregated,51.400000,2.000000,2700,3900,5400,6900,17000,22000,24000,25000,28000,103000,103000,6939,3907,2700.0,5232.039936055338,11.28478600003291,103082.07117200072,17582.357688427728
1720367377,2100,,Aggregated,53.000000,2.000000,2600,3800,5300,6700,17000,22000,24000,25000,27000,103000,103000,7012,3907,2600.0,5180.324782361381,11.28478600003291,103082.07117200072,17657.749857387334
1720367378,2100,,Aggregated,53.800000,1.700000,2600,3800,5300,6600,17000,21000,24000,25000,27000,103000,103000,7124,3909,2600.0,5102.942643877176,11.28478600003291,103082.07117200072,18096.196799550813
1720367379,2100,,Aggregated,53.800000,1.700000,2600,3800,5300,6600,17000,21000,24000,25000,27000,103000,103000,7124,3909,2600.0,5102.942643877176,11.28478600003291,103082.07117200072,18096.196799550813
1720367380,2100,,Aggregated,58.700000,1.400000,2600,3800,5200,6500,17000,21000,24000,25000,27000,103000,103000,7182,3910,2600.0,5063.593843856031,11.28478600003291,103082.07117200072,18289.079782790308
1720367381,2100,,Aggregated,57.800000,1.100000,2600,3700,5100,6500,16000,21000,24000,25000,27000,103000,103000,7282,3915,2500.0,5014.671175426393,11.28478600003291,103082.07117200072,18589.26586102719
1720367382,2100,,Aggregated,57.800000,1.100000,2600,3700,5100,6500,16000,21000,24000,25000,27000,103000,103000,7282,3915,2500.0,5014.671175426393,11.28478600003291,103082.07117200072,18589.26586102719
1720367383,2100,,Aggregated,56.200000,1.200000,2500,3700,5200,6600,18000,22000,25000,26000,29000,103000,103000,7399,3927,2500.0,5131.873565213001,11.28478600003291,103082.07117200072,18892.280713609947
1720367384,2100,,Aggregated,62.700000,2.500000,2500,3700,5200,6600,18000,22000,25000,26000,29000,103000,103000,7516,3930,2500.0,5144.883663132253,11.28478600003291,103082.07117200072,19658.676689728578
1720367385,2100,,Aggregated,62.700000,2.500000,2500,3700,5200,6600,18000,22000,25000,26000,29000,103000,103000,7516,3930,2500.0,5144.883663132253,11.28478600003291,103082.07117200072,19658.676689728578
1720367386,2100,,Aggregated,62.400000,2.500000,2500,3700,5100,6600,18000,22000,25000,26000,29000,103000,103000,7586,3937,2500.0,5119.2510810880585,11.28478600003291,103082.07117200072,19806.11745320327
1720367387,2100,,Aggregated,65.200000,2.700000,2500,3700,5000,6500,18000,22000,25000,26000,29000,103000,103000,7689,3940,2500.0,5063.949688812331,11.28478600003291,103082.07117200072,20271.227077643387
1720367388,2100,,Aggregated,65.200000,2.700000,2500,3700,5000,6500,18000,22000,25000,26000,29000,103000,103000,7689,3940,2500.0,5063.949688812331,11.28478600003291,103082.07117200072,20271.227077643387
1720367389,2100,,Aggregated,63.100000,3.200000,2500,3700,5000,6400,18000,22000,25000,26000,29000,103000,103000,7733,3941,2500.0,5036.957677808613,11.28478600003291,103082.07117200072,20485.429846114057
1720367390,2100,,Aggregated,61.400000,3.400000,2500,3600,4900,6300,18000,22000,25000,26000,29000,103000,103000,7855,3948,2500.0,4977.57323730032,11.28478600003291,103082.07117200072,20604.799745385106
1720367391,2100,,Aggregated,62.400000,3.500000,2500,3600,4900,6300,18000,22000,25000,26000,29000,103000,103000,7878,3951,2500.0,4975.003678558392,11.28478600003291,103082.07117200072,20870.092282305155
1720367392,2100,,Aggregated,62.400000,3.500000,2500,3600,4900,6300,18000,22000,25000,26000,30000,103000,103000,7896,3953,2500.0,4971.767676473913,11.28478600003291,103082.07117200072,20909.97391084093
1720367393,2100,,Aggregated,64.000000,4.200000,2400,3600,4800,6200,17000,22000,25000,26000,30000,103000,103000,8029,3956,2400.0,4896.980352607923,11.28478600003291,103082.07117200072,21395.005355586
1720367394,2100,,Aggregated,57.200000,2.900000,2400,3600,4800,6200,17000,22000,25000,26000,31000,103000,103000,8063,3958,2400.0,4882.4132536445495,11.28478600003291,103082.07117200072,21504.671214188267
1720367395,2100,,Aggregated,55.700000,2.800000,2400,3600,4800,6200,17000,22000,25000,26000,32000,103000,103000,8079,3961,2400.0,4881.418942289022,11.28478600003291,103082.07117200072,21534.495110781038
1720367396,2100,,Aggregated,57.800000,3.200000,2400,3500,4700,6100,17000,22000,25000,26000,41000,103000,103000,8249,3974,2400.0,4822.978944790886,11.28478600003291,103082.07117200072,22268.246575342466
1720367397,2100,,Aggregated,57.900000,3.300000,2400,3500,4600,6100,17000,22000,25000,26000,41000,103000,103000,8277,3976,2400.0,4808.00249502344,11.28478600003291,103082.07117200072,22341.393379243687
1720367398,2100,,Aggregated,57.900000,3.300000,2400,3500,4600,6000,17000,22000,25000,26000,41000,103000,103000,8294,3978,2400.0,4798.702643967327,11.28478600003291,103082.07117200072,22306.44791415481
1720367399,2100,,Aggregated,62.600000,3.600000,2400,3500,4500,5900,16000,22000,25000,26000,41000,103000,103000,8450,3984,2400.0,4729.8781920183455,11.28478600003291,103082.07117200072,23035.923905325442
1720367400,2100,,Aggregated,64.400000,3.700000,2300,3400,4500,5900,16000,22000,25000,26000,41000,103000,103000,8480,3986,2300.0,4723.37737771887,11.28478600003291,103082.07117200072,23399.23125
1720367401,2100,,Aggregated,65.200000,3.900000,2300,3400,4500,5900,16000,22000,25000,26000,41000,103000,103000,8494,3987,2300.0,4715.97999147728,11.28478600003291,103082.07117200072,23374.606781257356
1720367402,2100,,Aggregated,65.400000,3.700000,2300,3400,4400,5800,16000,22000,25000,26000,42000,103000,103000,8660,4001,2300.0,4666.55343002529,11.28478600003291,103082.07117200072,23765.569284064666
1720367404,2100,,Aggregated,65.700000,3.900000,2300,3300,4400,5800,16000,22000,25000,27000,43000,103000,103000,8691,4002,2300.0,4656.7853566631,11.28478600003291,103082.07117200072,23924.39753768266
1720367405,2100,,Aggregated,67.600000,4.200000,2300,3300,4400,5700,16000,22000,25000,26000,43000,103000,103000,8741,4003,2300.0,4631.685314776114,11.28478600003291,103082.07117200072,23825.68744994852
1720367406,2100,,Aggregated,68.600000,4.300000,2300,3300,4300,5700,16000,22000,25000,27000,44000,103000,103000,8860,4005,2300.0,4582.881429197293,11.28478600003291,103082.07117200072,24346.67889390519
1720367407,2100,,Aggregated,70.000000,4.000000,2300,3300,4300,5700,16000,22000,25000,27000,44000,103000,103000,8907,4006,2300.0,4567.307290389134,11.28478600003291,103082.07117200072,24451.41472998765
1720367408,2100,,Aggregated,70.000000,3.800000,2300,3200,4300,5600,16000,22000,25000,27000,47000,103000,103000,8963,4009,2300.0,4557.941646521815,11.28478600003291,103082.07117200072,24641.696641749415
1720367409,2100,,Aggregated,69.300000,3.900000,2300,3200,4300,5600,16000,22000,25000,27000,48000,103000,103000,9067,4019,2300.0,4571.242739393627,11.28478600003291,103082.07117200072,24920.51957648616
1720367410,2100,,Aggregated,70.100000,4.000000,2300,3200,4300,5600,16000,22000,25000,27000,48000,103000,103000,9110,4020,2300.0,4556.1325271203095,11.28478600003291,103082.07117200072,24947.360043907793
1720367411,0,,Aggregated,69.700000,3.800000,2300,3200,4200,5600,16000,22000,26000,27000,65000,103000,103000,9257,4024,2300.0,4574.042395267043,11.28478600003291,103082.07117200072,26262.101760829642
