"Time","Value"
2024-07-11 17:59:30,107 W
2024-07-11 17:59:32,111 W
2024-07-11 17:59:34,149 W
2024-07-11 17:59:36,149 W
2024-07-11 17:59:38,111 W
2024-07-11 17:59:40,131 W
2024-07-11 17:59:42,131 W
2024-07-11 17:59:44,130 W
2024-07-11 17:59:46,110 W
2024-07-11 17:59:48,110 W
2024-07-11 17:59:50,114 W
2024-07-11 17:59:52,120 W
2024-07-11 17:59:54,120 W
2024-07-11 17:59:56,113 W
2024-07-11 17:59:58,111 W
2024-07-11 18:00:00,111 W
2024-07-11 18:00:02,115 W
2024-07-11 18:00:04,112 W
2024-07-11 18:00:06,112 W
2024-07-11 18:00:08,112 W
2024-07-11 18:00:10,108 W
2024-07-11 18:00:12,108 W
2024-07-11 18:00:14,115 W
2024-07-11 18:00:16,110 W
2024-07-11 18:00:18,110 W
2024-07-11 18:00:20,110 W
2024-07-11 18:00:22,122 W
2024-07-11 18:00:24,122 W
2024-07-11 18:00:26,110 W
2024-07-11 18:00:28,108 W
2024-07-11 18:00:30,108 W
2024-07-11 18:00:32,113 W
2024-07-11 18:00:34,111 W
2024-07-11 18:00:36,111 W
2024-07-11 18:00:38,110 W
2024-07-11 18:00:40,109 W
2024-07-11 18:00:42,109 W
2024-07-11 18:00:44,109 W
2024-07-11 18:00:46,113 W
2024-07-11 18:00:48,113 W
2024-07-11 18:00:50,112 W
2024-07-11 18:00:52,118 W
2024-07-11 18:00:54,118 W
2024-07-11 18:00:56,121 W
2024-07-11 18:00:58,107 W
2024-07-11 18:01:00,107 W
2024-07-11 18:01:02,112 W
2024-07-11 18:01:04,113 W
2024-07-11 18:01:06,113 W
2024-07-11 18:01:08,112 W
2024-07-11 18:01:10,108 W
2024-07-11 18:01:12,108 W
2024-07-11 18:01:14,108 W
2024-07-11 18:01:16,110 W
2024-07-11 18:01:18,110 W
2024-07-11 18:01:20,112 W
2024-07-11 18:01:22,117 W
2024-07-11 18:01:24,117 W
2024-07-11 18:01:26,112 W
2024-07-11 18:01:28,109 W
2024-07-11 18:01:30,109 W
2024-07-11 18:01:32,114 W
2024-07-11 18:01:34,111 W
2024-07-11 18:01:36,111 W
2024-07-11 18:01:38,108 W
2024-07-11 18:01:40,106 W
2024-07-11 18:01:42,106 W
2024-07-11 18:01:44,113 W
2024-07-11 18:01:46,112 W
2024-07-11 18:01:48,112 W
2024-07-11 18:01:50,110 W
2024-07-11 18:01:52,122 W
2024-07-11 18:01:54,122 W
2024-07-11 18:01:56,114 W
2024-07-11 18:01:58,117 W
2024-07-11 18:02:00,117 W
2024-07-11 18:02:02,112 W
2024-07-11 18:02:04,111 W
2024-07-11 18:02:06,111 W
2024-07-11 18:02:08,111 W
2024-07-11 18:02:10,112 W
2024-07-11 18:02:12,112 W
2024-07-11 18:02:14,113 W
2024-07-11 18:02:16,109 W
2024-07-11 18:02:18,109 W
2024-07-11 18:02:20,115 W
2024-07-11 18:02:22,119 W
2024-07-11 18:02:24,119 W
2024-07-11 18:02:26,127 W
2024-07-11 18:02:28,110 W
2024-07-11 18:02:30,110 W
2024-07-11 18:02:32,113 W
2024-07-11 18:02:34,146 W
2024-07-11 18:02:36,146 W
2024-07-11 18:02:38,110 W
2024-07-11 18:02:40,110 W
2024-07-11 18:02:42,110 W
2024-07-11 18:02:44,110 W
2024-07-11 18:02:46,112 W
2024-07-11 18:02:48,112 W
2024-07-11 18:02:50,114 W
2024-07-11 18:02:52,118 W
2024-07-11 18:02:54,118 W
2024-07-11 18:02:56,109 W
2024-07-11 18:02:58,108 W
2024-07-11 18:03:00,108 W
2024-07-11 18:03:02,114 W
2024-07-11 18:03:04,110 W
2024-07-11 18:03:06,110 W
2024-07-11 18:03:08,109 W
2024-07-11 18:03:10,111 W
2024-07-11 18:03:12,111 W
2024-07-11 18:03:14,115 W
2024-07-11 18:03:16,111 W
2024-07-11 18:03:18,111 W
2024-07-11 18:03:20,114 W
2024-07-11 18:03:22,118 W
2024-07-11 18:03:24,118 W
2024-07-11 18:03:26,113 W
2024-07-11 18:03:28,127 W
2024-07-11 18:03:30,127 W
2024-07-11 18:03:32,112 W
2024-07-11 18:03:34,111 W
2024-07-11 18:03:36,111 W
2024-07-11 18:03:38,115 W
2024-07-11 18:03:40,107 W
2024-07-11 18:03:42,107 W
2024-07-11 18:03:44,110 W
2024-07-11 18:03:46,112 W
2024-07-11 18:03:48,112 W
2024-07-11 18:03:50,113 W
2024-07-11 18:03:52,117 W
2024-07-11 18:03:54,117 W
2024-07-11 18:03:56,112 W
2024-07-11 18:03:58,110 W
2024-07-11 18:04:00,110 W
2024-07-11 18:04:02,111 W
2024-07-11 18:04:04,111 W
2024-07-11 18:04:06,111 W
2024-07-11 18:04:08,110 W
2024-07-11 18:04:10,110 W
2024-07-11 18:04:12,110 W
2024-07-11 18:04:14,119 W
2024-07-11 18:04:16,110 W
2024-07-11 18:04:18,110 W
2024-07-11 18:04:20,115 W
2024-07-11 18:04:22,121 W
2024-07-11 18:04:24,121 W
2024-07-11 18:04:26,111 W
2024-07-11 18:04:28,107 W
2024-07-11 18:04:30,107 W
2024-07-11 18:04:32,110 W
2024-07-11 18:04:34,110 W
2024-07-11 18:04:36,110 W
2024-07-11 18:04:38,110 W
2024-07-11 18:04:40,108 W
2024-07-11 18:04:42,108 W
2024-07-11 18:04:44,111 W
2024-07-11 18:04:46,111 W
2024-07-11 18:04:48,111 W
2024-07-11 18:04:50,115 W
2024-07-11 18:04:52,122 W
2024-07-11 18:04:54,122 W
2024-07-11 18:04:56,112 W
2024-07-11 18:04:58,110 W
2024-07-11 18:05:00,110 W
2024-07-11 18:05:02,113 W
2024-07-11 18:05:04,123 W
2024-07-11 18:05:06,123 W
2024-07-11 18:05:08,111 W
2024-07-11 18:05:10,106 W
2024-07-11 18:05:12,106 W
2024-07-11 18:05:14,111 W
2024-07-11 18:05:16,113 W
2024-07-11 18:05:18,113 W
2024-07-11 18:05:20,114 W
2024-07-11 18:05:22,116 W
2024-07-11 18:05:24,116 W
2024-07-11 18:05:26,114 W
2024-07-11 18:05:28,111 W
2024-07-11 18:05:30,111 W
2024-07-11 18:05:32,113 W
2024-07-11 18:05:34,154 W
2024-07-11 18:05:36,154 W
2024-07-11 18:05:38,110 W
2024-07-11 18:05:40,106 W
2024-07-11 18:05:42,106 W
2024-07-11 18:05:44,115 W
2024-07-11 18:05:46,130 W
2024-07-11 18:05:48,130 W
2024-07-11 18:05:50,114 W
2024-07-11 18:05:52,117 W
2024-07-11 18:05:54,117 W
2024-07-11 18:05:56,108 W
2024-07-11 18:05:58,111 W
2024-07-11 18:06:00,111 W
2024-07-11 18:06:02,115 W
2024-07-11 18:06:04,112 W
2024-07-11 18:06:06,112 W
2024-07-11 18:06:08,113 W
2024-07-11 18:06:10,110 W
2024-07-11 18:06:12,110 W
2024-07-11 18:06:14,113 W
2024-07-11 18:06:16,114 W
2024-07-11 18:06:18,114 W
2024-07-11 18:06:20,111 W
2024-07-11 18:06:22,131 W
2024-07-11 18:06:24,131 W
2024-07-11 18:06:26,113 W
2024-07-11 18:06:28,108 W
2024-07-11 18:06:30,108 W
2024-07-11 18:06:32,113 W
2024-07-11 18:06:34,111 W
2024-07-11 18:06:36,111 W
2024-07-11 18:06:38,110 W
2024-07-11 18:06:40,112 W
2024-07-11 18:06:42,112 W
2024-07-11 18:06:44,112 W
2024-07-11 18:06:46,119 W
2024-07-11 18:06:48,119 W
2024-07-11 18:06:50,114 W
2024-07-11 18:06:52,120 W
2024-07-11 18:06:54,120 W
2024-07-11 18:06:56,111 W
2024-07-11 18:06:58,113 W
2024-07-11 18:07:00,113 W
2024-07-11 18:07:02,112 W
2024-07-11 18:07:04,112 W
2024-07-11 18:07:06,112 W
2024-07-11 18:07:08,108 W
2024-07-11 18:07:10,109 W
2024-07-11 18:07:12,109 W
2024-07-11 18:07:14,110 W
2024-07-11 18:07:16,114 W
2024-07-11 18:07:18,114 W
2024-07-11 18:07:20,113 W
2024-07-11 18:07:22,120 W
2024-07-11 18:07:24,120 W
2024-07-11 18:07:26,109 W
2024-07-11 18:07:28,109 W
2024-07-11 18:07:30,109 W
2024-07-11 18:07:32,111 W
2024-07-11 18:07:34,111 W
2024-07-11 18:07:36,111 W
2024-07-11 18:07:38,112 W
2024-07-11 18:07:40,111 W
2024-07-11 18:07:42,111 W
2024-07-11 18:07:44,111 W
2024-07-11 18:07:46,115 W
2024-07-11 18:07:48,115 W
2024-07-11 18:07:50,112 W
2024-07-11 18:07:52,120 W
2024-07-11 18:07:54,120 W
2024-07-11 18:07:56,114 W
2024-07-11 18:07:58,112 W
2024-07-11 18:08:00,112 W
2024-07-11 18:08:02,120 W
2024-07-11 18:08:04,111 W
2024-07-11 18:08:06,111 W
2024-07-11 18:08:08,110 W
2024-07-11 18:08:10,112 W
2024-07-11 18:08:12,112 W
2024-07-11 18:08:14,112 W
2024-07-11 18:08:16,112 W
2024-07-11 18:08:18,112 W
2024-07-11 18:08:20,110 W
2024-07-11 18:08:22,118 W
2024-07-11 18:08:24,118 W
2024-07-11 18:08:26,111 W
2024-07-11 18:08:28,109 W
2024-07-11 18:08:30,109 W
2024-07-11 18:08:32,130 W
2024-07-11 18:08:34,113 W
2024-07-11 18:08:36,113 W
2024-07-11 18:08:38,122 W
2024-07-11 18:08:40,110 W
2024-07-11 18:08:42,110 W
2024-07-11 18:08:44,113 W
2024-07-11 18:08:46,112 W
2024-07-11 18:08:48,112 W
2024-07-11 18:08:50,108 W
2024-07-11 18:08:52,123 W
2024-07-11 18:08:54,123 W
2024-07-11 18:08:56,110 W
2024-07-11 18:08:58,108 W
2024-07-11 18:09:00,108 W
2024-07-11 18:09:02,130 W
2024-07-11 18:09:04,112 W
2024-07-11 18:09:06,112 W
2024-07-11 18:09:08,111 W
2024-07-11 18:09:10,112 W
2024-07-11 18:09:12,112 W
2024-07-11 18:09:14,114 W
2024-07-11 18:09:16,115 W
2024-07-11 18:09:18,115 W
2024-07-11 18:09:20,109 W
2024-07-11 18:09:22,116 W
2024-07-11 18:09:24,116 W
2024-07-11 18:09:26,111 W
2024-07-11 18:09:28,110 W
2024-07-11 18:09:30,110 W
2024-07-11 18:09:32,128 W
2024-07-11 18:09:34,123 W
2024-07-11 18:09:36,123 W
2024-07-11 18:09:38,109 W
2024-07-11 18:09:40,106 W
2024-07-11 18:09:42,106 W
2024-07-11 18:09:44,111 W
2024-07-11 18:09:46,108 W
2024-07-11 18:09:48,108 W
2024-07-11 18:09:50,111 W
2024-07-11 18:09:52,119 W
2024-07-11 18:09:54,119 W
2024-07-11 18:09:56,111 W
2024-07-11 18:09:58,111 W
2024-07-11 18:10:00,111 W
2024-07-11 18:10:02,125 W
2024-07-11 18:10:04,113 W
2024-07-11 18:10:06,113 W
2024-07-11 18:10:08,108 W
2024-07-11 18:10:10,130 W
2024-07-11 18:10:12,130 W
2024-07-11 18:10:14,109 W
2024-07-11 18:10:16,113 W
2024-07-11 18:10:18,113 W
2024-07-11 18:10:20,110 W
2024-07-11 18:10:22,114 W
2024-07-11 18:10:24,114 W
2024-07-11 18:10:26,111 W
2024-07-11 18:10:28,108 W
2024-07-11 18:10:30,108 W
2024-07-11 18:10:32,132 W
2024-07-11 18:10:34,115 W
2024-07-11 18:10:36,115 W
2024-07-11 18:10:38,109 W
2024-07-11 18:10:40,108 W
2024-07-11 18:10:42,108 W
2024-07-11 18:10:44,110 W
2024-07-11 18:10:46,110 W
2024-07-11 18:10:48,110 W
2024-07-11 18:10:50,108 W
2024-07-11 18:10:52,113 W
2024-07-11 18:10:54,113 W
2024-07-11 18:10:56,110 W
2024-07-11 18:10:58,109 W
2024-07-11 18:11:00,109 W
2024-07-11 18:11:02,127 W
2024-07-11 18:11:04,122 W
2024-07-11 18:11:06,122 W
2024-07-11 18:11:08,112 W
2024-07-11 18:11:10,107 W
2024-07-11 18:11:12,107 W
2024-07-11 18:11:14,114 W
2024-07-11 18:11:16,131 W
2024-07-11 18:11:18,131 W
2024-07-11 18:11:20,111 W
2024-07-11 18:11:22,119 W
2024-07-11 18:11:24,119 W
2024-07-11 18:11:26,112 W
2024-07-11 18:11:28,114 W
2024-07-11 18:11:30,114 W
2024-07-11 18:11:32,124 W
2024-07-11 18:11:34,118 W
2024-07-11 18:11:36,118 W
2024-07-11 18:11:38,107 W
2024-07-11 18:11:40,106 W
2024-07-11 18:11:42,106 W
2024-07-11 18:11:44,112 W
2024-07-11 18:11:46,110 W
2024-07-11 18:11:48,110 W
2024-07-11 18:11:50,119 W
2024-07-11 18:11:52,118 W
2024-07-11 18:11:54,118 W
2024-07-11 18:11:56,109 W
2024-07-11 18:11:58,109 W
2024-07-11 18:12:00,109 W
2024-07-11 18:12:02,127 W
2024-07-11 18:12:04,119 W
2024-07-11 18:12:06,119 W
2024-07-11 18:12:08,106 W
2024-07-11 18:12:10,110 W
2024-07-11 18:12:12,110 W
2024-07-11 18:12:14,110 W
2024-07-11 18:12:16,158 W
2024-07-11 18:12:18,158 W
2024-07-11 18:12:20,146 W
2024-07-11 18:12:22,185 W
2024-07-11 18:12:24,185 W
2024-07-11 18:12:26,108 W
2024-07-11 18:12:28,177 W
2024-07-11 18:12:30,177 W
2024-07-11 18:12:32,241 W
2024-07-11 18:12:34,195 W
2024-07-11 18:12:36,195 W
2024-07-11 18:12:38,201 W
2024-07-11 18:12:40,162 W
2024-07-11 18:12:42,162 W
2024-07-11 18:12:44,222 W
2024-07-11 18:12:46,134 W
2024-07-11 18:12:48,134 W
2024-07-11 18:12:50,219 W
2024-07-11 18:12:52,222 W
2024-07-11 18:12:54,222 W
2024-07-11 18:12:56,114 W
2024-07-11 18:12:58,161 W
2024-07-11 18:13:00,161 W
2024-07-11 18:13:02,177 W
2024-07-11 18:13:04,116 W
2024-07-11 18:13:06,116 W
2024-07-11 18:13:08,118 W
2024-07-11 18:13:10,109 W
2024-07-11 18:13:12,109 W
2024-07-11 18:13:14,111 W
2024-07-11 18:13:16,110 W
2024-07-11 18:13:18,110 W
2024-07-11 18:13:20,111 W
2024-07-11 18:13:22,115 W
2024-07-11 18:13:24,115 W
2024-07-11 18:13:26,110 W
2024-07-11 18:13:28,113 W
2024-07-11 18:13:30,113 W
2024-07-11 18:13:32,130 W
2024-07-11 18:13:34,126 W
2024-07-11 18:13:36,126 W
2024-07-11 18:13:38,111 W
2024-07-11 18:13:40,108 W
2024-07-11 18:13:42,108 W
2024-07-11 18:13:44,125 W
2024-07-11 18:13:46,111 W
2024-07-11 18:13:48,111 W
2024-07-11 18:13:50,112 W
2024-07-11 18:13:52,120 W
2024-07-11 18:13:54,120 W
2024-07-11 18:13:56,114 W
2024-07-11 18:13:58,108 W
2024-07-11 18:14:00,108 W
2024-07-11 18:14:02,128 W
2024-07-11 18:14:04,115 W
2024-07-11 18:14:06,115 W
2024-07-11 18:14:08,108 W
2024-07-11 18:14:10,107 W
2024-07-11 18:14:12,107 W
2024-07-11 18:14:14,110 W
2024-07-11 18:14:16,109 W
2024-07-11 18:14:18,109 W
2024-07-11 18:14:20,116 W
2024-07-11 18:14:22,116 W
2024-07-11 18:14:24,116 W
2024-07-11 18:14:26,117 W
2024-07-11 18:14:28,113 W
2024-07-11 18:14:30,113 W
2024-07-11 18:14:32,129 W
2024-07-11 18:14:34,117 W
2024-07-11 18:14:36,117 W
2024-07-11 18:14:38,107 W
2024-07-11 18:14:40,121 W
2024-07-11 18:14:42,121 W
2024-07-11 18:14:44,113 W
2024-07-11 18:14:46,107 W
2024-07-11 18:14:48,107 W
2024-07-11 18:14:50,111 W
2024-07-11 18:14:52,115 W
2024-07-11 18:14:54,115 W
2024-07-11 18:14:56,111 W
2024-07-11 18:14:58,111 W
2024-07-11 18:15:00,111 W
2024-07-11 18:15:02,128 W
2024-07-11 18:15:04,123 W
2024-07-11 18:15:06,123 W
2024-07-11 18:15:08,111 W
2024-07-11 18:15:10,112 W
2024-07-11 18:15:12,112 W
2024-07-11 18:15:14,111 W
2024-07-11 18:15:16,111 W
2024-07-11 18:15:18,111 W
2024-07-11 18:15:20,112 W
2024-07-11 18:15:22,150 W
2024-07-11 18:15:24,150 W
2024-07-11 18:15:26,112 W
2024-07-11 18:15:28,118 W
2024-07-11 18:15:30,118 W
2024-07-11 18:15:32,151 W
2024-07-11 18:15:34,125 W
2024-07-11 18:15:36,125 W
2024-07-11 18:15:38,136 W
2024-07-11 18:15:40,133 W
2024-07-11 18:15:42,133 W
2024-07-11 18:15:44,151 W
2024-07-11 18:15:46,150 W
2024-07-11 18:15:48,150 W
2024-07-11 18:15:50,195 W
2024-07-11 18:15:52,208 W
2024-07-11 18:15:54,208 W
2024-07-11 18:15:56,203 W
2024-07-11 18:15:58,114 W
2024-07-11 18:16:00,114 W
2024-07-11 18:16:02,130 W
2024-07-11 18:16:04,112 W
2024-07-11 18:16:06,112 W
2024-07-11 18:16:08,112 W
2024-07-11 18:16:10,109 W
2024-07-11 18:16:12,109 W
2024-07-11 18:16:14,127 W
2024-07-11 18:16:16,112 W
2024-07-11 18:16:18,112 W
2024-07-11 18:16:20,118 W
2024-07-11 18:16:22,148 W
2024-07-11 18:16:24,148 W
2024-07-11 18:16:26,114 W
2024-07-11 18:16:28,121 W
2024-07-11 18:16:30,121 W
2024-07-11 18:16:32,156 W
2024-07-11 18:16:34,150 W
2024-07-11 18:16:36,150 W
2024-07-11 18:16:38,136 W
2024-07-11 18:16:40,146 W
2024-07-11 18:16:42,146 W
2024-07-11 18:16:44,206 W
2024-07-11 18:16:46,189 W
2024-07-11 18:16:48,189 W
2024-07-11 18:16:50,213 W
2024-07-11 18:16:52,234 W
2024-07-11 18:16:54,234 W
2024-07-11 18:16:56,175 W
2024-07-11 18:16:58,220 W
2024-07-11 18:17:00,220 W
2024-07-11 18:17:02,199 W
2024-07-11 18:17:04,238 W
2024-07-11 18:17:06,238 W
2024-07-11 18:17:08,217 W
2024-07-11 18:17:10,228 W
2024-07-11 18:17:12,228 W
2024-07-11 18:17:14,231 W
2024-07-11 18:17:16,197 W
2024-07-11 18:17:18,197 W
2024-07-11 18:17:20,147 W
2024-07-11 18:17:22,175 W
2024-07-11 18:17:24,175 W
2024-07-11 18:17:26,203 W
2024-07-11 18:17:28,194 W
2024-07-11 18:17:30,194 W
2024-07-11 18:17:32,198 W
2024-07-11 18:17:34,248 W
2024-07-11 18:17:36,248 W
2024-07-11 18:17:38,181 W
2024-07-11 18:17:40,159 W
2024-07-11 18:17:42,159 W
2024-07-11 18:17:44,167 W
2024-07-11 18:17:46,205 W
2024-07-11 18:17:48,205 W
2024-07-11 18:17:50,141 W
2024-07-11 18:17:52,249 W
2024-07-11 18:17:54,249 W
2024-07-11 18:17:56,216 W
2024-07-11 18:17:58,207 W
2024-07-11 18:18:00,207 W
2024-07-11 18:18:02,197 W
2024-07-11 18:18:04,235 W
2024-07-11 18:18:06,235 W
2024-07-11 18:18:08,187 W
2024-07-11 18:18:10,215 W
2024-07-11 18:18:12,215 W
2024-07-11 18:18:14,214 W
2024-07-11 18:18:16,153 W
2024-07-11 18:18:18,153 W
2024-07-11 18:18:20,157 W
2024-07-11 18:18:22,125 W
2024-07-11 18:18:24,125 W
2024-07-11 18:18:26,138 W
2024-07-11 18:18:28,144 W
2024-07-11 18:18:30,144 W
2024-07-11 18:18:32,118 W
2024-07-11 18:18:34,148 W
2024-07-11 18:18:36,148 W
2024-07-11 18:18:38,126 W
2024-07-11 18:18:40,128 W
2024-07-11 18:18:42,128 W
2024-07-11 18:18:44,134 W
2024-07-11 18:18:46,118 W
2024-07-11 18:18:48,118 W
2024-07-11 18:18:50,119 W
2024-07-11 18:18:52,170 W
2024-07-11 18:18:54,170 W
2024-07-11 18:18:56,129 W
2024-07-11 18:18:58,146 W
2024-07-11 18:19:00,146 W
2024-07-11 18:19:02,159 W
2024-07-11 18:19:04,113 W
2024-07-11 18:19:06,113 W
2024-07-11 18:19:08,135 W
2024-07-11 18:19:10,157 W
2024-07-11 18:19:12,157 W
2024-07-11 18:19:14,222 W
2024-07-11 18:19:16,163 W
2024-07-11 18:19:18,163 W
2024-07-11 18:19:20,125 W
2024-07-11 18:19:22,143 W
2024-07-11 18:19:24,143 W
2024-07-11 18:19:26,131 W
2024-07-11 18:19:28,130 W
2024-07-11 18:19:30,130 W
2024-07-11 18:19:32,191 W
2024-07-11 18:19:34,167 W
2024-07-11 18:19:36,167 W
2024-07-11 18:19:38,175 W
2024-07-11 18:19:40,138 W
2024-07-11 18:19:42,138 W
2024-07-11 18:19:44,187 W
2024-07-11 18:19:46,223 W
2024-07-11 18:19:48,223 W
2024-07-11 18:19:50,221 W
2024-07-11 18:19:52,139 W
2024-07-11 18:19:54,139 W
2024-07-11 18:19:56,146 W
2024-07-11 18:19:58,192 W
2024-07-11 18:20:00,192 W
2024-07-11 18:20:02,156 W
2024-07-11 18:20:04,233 W
2024-07-11 18:20:06,233 W
2024-07-11 18:20:08,155 W
2024-07-11 18:20:10,158 W
2024-07-11 18:20:12,158 W
2024-07-11 18:20:14,160 W
2024-07-11 18:20:16,206 W
2024-07-11 18:20:18,206 W
2024-07-11 18:20:20,205 W
2024-07-11 18:20:22,154 W
2024-07-11 18:20:24,154 W
2024-07-11 18:20:26,188 W
2024-07-11 18:20:28,194 W
2024-07-11 18:20:30,194 W
2024-07-11 18:20:32,173 W
2024-07-11 18:20:34,145 W
2024-07-11 18:20:36,145 W
2024-07-11 18:20:38,152 W
2024-07-11 18:20:40,207 W
2024-07-11 18:20:42,207 W
2024-07-11 18:20:44,168 W
2024-07-11 18:20:46,146 W
2024-07-11 18:20:48,146 W
2024-07-11 18:20:50,199 W
2024-07-11 18:20:52,175 W
2024-07-11 18:20:54,175 W
2024-07-11 18:20:56,225 W
2024-07-11 18:20:58,178 W
2024-07-11 18:21:00,178 W
2024-07-11 18:21:02,229 W
2024-07-11 18:21:04,148 W
2024-07-11 18:21:06,148 W
2024-07-11 18:21:08,132 W
2024-07-11 18:21:10,217 W
2024-07-11 18:21:12,217 W
2024-07-11 18:21:14,177 W
2024-07-11 18:21:16,131 W
2024-07-11 18:21:18,131 W
2024-07-11 18:21:20,222 W
2024-07-11 18:21:22,148 W
2024-07-11 18:21:24,148 W
2024-07-11 18:21:26,175 W
2024-07-11 18:21:28,223 W
2024-07-11 18:21:30,223 W
2024-07-11 18:21:32,190 W
2024-07-11 18:21:34,202 W
2024-07-11 18:21:36,202 W
2024-07-11 18:21:38,244 W
2024-07-11 18:21:40,141 W
2024-07-11 18:21:42,141 W
2024-07-11 18:21:44,150 W
2024-07-11 18:21:46,215 W
2024-07-11 18:21:48,215 W
2024-07-11 18:21:50,226 W
2024-07-11 18:21:52,153 W
2024-07-11 18:21:54,153 W
2024-07-11 18:21:56,174 W
2024-07-11 18:21:58,188 W
2024-07-11 18:22:00,188 W
2024-07-11 18:22:02,174 W
2024-07-11 18:22:04,226 W
2024-07-11 18:22:06,226 W
2024-07-11 18:22:08,132 W
2024-07-11 18:22:10,146 W
2024-07-11 18:22:12,146 W
2024-07-11 18:22:14,171 W
2024-07-11 18:22:16,147 W
2024-07-11 18:22:18,147 W
2024-07-11 18:22:20,156 W
2024-07-11 18:22:22,127 W
2024-07-11 18:22:24,127 W
2024-07-11 18:22:26,228 W
2024-07-11 18:22:28,217 W
2024-07-11 18:22:30,217 W
2024-07-11 18:22:32,208 W
2024-07-11 18:22:34,144 W
2024-07-11 18:22:36,144 W
2024-07-11 18:22:38,186 W
2024-07-11 18:22:40,150 W
2024-07-11 18:22:42,150 W
2024-07-11 18:22:44,145 W
2024-07-11 18:22:46,171 W
2024-07-11 18:22:48,171 W
2024-07-11 18:22:50,160 W
2024-07-11 18:22:52,174 W
2024-07-11 18:22:54,174 W
2024-07-11 18:22:56,136 W
2024-07-11 18:22:58,145 W
2024-07-11 18:23:00,145 W
2024-07-11 18:23:02,176 W
2024-07-11 18:23:04,178 W
2024-07-11 18:23:06,178 W
2024-07-11 18:23:08,153 W
2024-07-11 18:23:10,130 W
2024-07-11 18:23:12,130 W
2024-07-11 18:23:14,194 W
2024-07-11 18:23:16,192 W
2024-07-11 18:23:18,192 W
2024-07-11 18:23:20,184 W
2024-07-11 18:23:22,128 W
2024-07-11 18:23:24,128 W
2024-07-11 18:23:26,156 W
2024-07-11 18:23:28,240 W
2024-07-11 18:23:30,240 W
2024-07-11 18:23:32,184 W
2024-07-11 18:23:34,224 W
2024-07-11 18:23:36,224 W
2024-07-11 18:23:38,167 W
2024-07-11 18:23:40,149 W
2024-07-11 18:23:42,149 W
2024-07-11 18:23:44,159 W
2024-07-11 18:23:46,165 W
2024-07-11 18:23:48,165 W
2024-07-11 18:23:50,203 W
2024-07-11 18:23:52,132 W
2024-07-11 18:23:54,132 W
2024-07-11 18:23:56,237 W
2024-07-11 18:23:58,230 W
2024-07-11 18:24:00,230 W
2024-07-11 18:24:02,159 W
2024-07-11 18:24:04,234 W
2024-07-11 18:24:06,234 W
2024-07-11 18:24:08,238 W
2024-07-11 18:24:10,244 W
2024-07-11 18:24:12,244 W
2024-07-11 18:24:14,249 W
2024-07-11 18:24:16,239 W
2024-07-11 18:24:18,239 W
2024-07-11 18:24:20,248 W
2024-07-11 18:24:22,247 W
2024-07-11 18:24:24,247 W
2024-07-11 18:24:26,234 W
2024-07-11 18:24:28,270 W
2024-07-11 18:24:30,270 W
2024-07-11 18:24:32,267 W
2024-07-11 18:24:34,280 W
2024-07-11 18:24:36,280 W
2024-07-11 18:24:38,258 W
2024-07-11 18:24:40,247 W
2024-07-11 18:24:42,247 W
2024-07-11 18:24:44,251 W
2024-07-11 18:24:46,235 W
2024-07-11 18:24:48,235 W
2024-07-11 18:24:50,267 W
2024-07-11 18:24:52,245 W
2024-07-11 18:24:54,245 W
2024-07-11 18:24:56,258 W
2024-07-11 18:24:58,267 W
2024-07-11 18:25:00,267 W
2024-07-11 18:25:02,265 W
2024-07-11 18:25:04,253 W
2024-07-11 18:25:06,253 W
2024-07-11 18:25:08,248 W
2024-07-11 18:25:10,276 W
2024-07-11 18:25:12,276 W
2024-07-11 18:25:14,236 W
2024-07-11 18:25:16,233 W
2024-07-11 18:25:18,233 W
2024-07-11 18:25:20,262 W
2024-07-11 18:25:22,223 W
2024-07-11 18:25:24,223 W
2024-07-11 18:25:26,257 W
2024-07-11 18:25:28,230 W
2024-07-11 18:25:30,230 W
2024-07-11 18:25:32,268 W
2024-07-11 18:25:34,255 W
2024-07-11 18:25:36,255 W
2024-07-11 18:25:38,249 W
2024-07-11 18:25:40,249 W
2024-07-11 18:25:42,249 W
2024-07-11 18:25:44,282 W
2024-07-11 18:25:46,255 W
2024-07-11 18:25:48,255 W
2024-07-11 18:25:50,195 W
2024-07-11 18:25:52,246 W
2024-07-11 18:25:54,246 W
2024-07-11 18:25:56,236 W
2024-07-11 18:25:58,234 W
2024-07-11 18:26:00,234 W
2024-07-11 18:26:02,252 W
2024-07-11 18:26:04,236 W
2024-07-11 18:26:06,236 W
2024-07-11 18:26:08,226 W
2024-07-11 18:26:10,224 W
2024-07-11 18:26:12,224 W
2024-07-11 18:26:14,271 W
2024-07-11 18:26:16,242 W
2024-07-11 18:26:18,242 W
2024-07-11 18:26:20,229 W
2024-07-11 18:26:22,178 W
2024-07-11 18:26:24,178 W
2024-07-11 18:26:26,257 W
2024-07-11 18:26:28,262 W
2024-07-11 18:26:30,262 W
2024-07-11 18:26:32,225 W
2024-07-11 18:26:34,224 W
2024-07-11 18:26:36,224 W
2024-07-11 18:26:38,234 W
2024-07-11 18:26:40,242 W
2024-07-11 18:26:42,242 W
2024-07-11 18:26:44,229 W
2024-07-11 18:26:46,255 W
2024-07-11 18:26:48,255 W
2024-07-11 18:26:50,279 W
2024-07-11 18:26:52,280 W
2024-07-11 18:26:54,280 W
2024-07-11 18:26:56,228 W
2024-07-11 18:26:58,284 W
2024-07-11 18:27:00,284 W
2024-07-11 18:27:02,285 W
2024-07-11 18:27:04,260 W
2024-07-11 18:27:06,260 W
2024-07-11 18:27:08,247 W
2024-07-11 18:27:10,215 W
2024-07-11 18:27:12,215 W
2024-07-11 18:27:14,203 W
2024-07-11 18:27:16,276 W
2024-07-11 18:27:18,276 W
2024-07-11 18:27:20,282 W
2024-07-11 18:27:22,275 W
2024-07-11 18:27:24,275 W
2024-07-11 18:27:26,242 W
2024-07-11 18:27:28,286 W
2024-07-11 18:27:30,286 W
2024-07-11 18:27:32,287 W
2024-07-11 18:27:34,288 W
2024-07-11 18:27:36,288 W
2024-07-11 18:27:38,286 W
2024-07-11 18:27:40,274 W
2024-07-11 18:27:42,274 W
2024-07-11 18:27:44,303 W
2024-07-11 18:27:46,285 W
2024-07-11 18:27:48,285 W
2024-07-11 18:27:50,276 W
2024-07-11 18:27:52,262 W
2024-07-11 18:27:54,262 W
2024-07-11 18:27:56,285 W
2024-07-11 18:27:58,253 W
2024-07-11 18:28:00,253 W
2024-07-11 18:28:02,237 W
2024-07-11 18:28:04,267 W
2024-07-11 18:28:06,267 W
2024-07-11 18:28:08,277 W
2024-07-11 18:28:10,236 W
2024-07-11 18:28:12,236 W
2024-07-11 18:28:14,269 W
2024-07-11 18:28:16,275 W
2024-07-11 18:28:18,275 W
2024-07-11 18:28:20,309 W
2024-07-11 18:28:22,299 W
2024-07-11 18:28:24,299 W
2024-07-11 18:28:26,279 W
2024-07-11 18:28:28,241 W
2024-07-11 18:28:30,241 W
2024-07-11 18:28:32,206 W
2024-07-11 18:28:34,189 W
2024-07-11 18:28:36,189 W
2024-07-11 18:28:38,210 W
2024-07-11 18:28:40,208 W
2024-07-11 18:28:42,208 W
2024-07-11 18:28:44,171 W
2024-07-11 18:28:46,204 W
2024-07-11 18:28:48,204 W
2024-07-11 18:28:50,178 W
2024-07-11 18:28:52,193 W
2024-07-11 18:28:54,193 W
2024-07-11 18:28:56,153 W
2024-07-11 18:28:58,203 W
2024-07-11 18:29:00,203 W
2024-07-11 18:29:02,187 W
2024-07-11 18:29:04,218 W
2024-07-11 18:29:06,218 W
2024-07-11 18:29:08,161 W
2024-07-11 18:29:10,197 W
2024-07-11 18:29:12,197 W
2024-07-11 18:29:14,211 W
2024-07-11 18:29:16,216 W
2024-07-11 18:29:18,216 W
2024-07-11 18:29:20,158 W
2024-07-11 18:29:22,151 W
2024-07-11 18:29:24,151 W
2024-07-11 18:29:26,150 W
2024-07-11 18:29:28,171 W
2024-07-11 18:29:30,171 W
2024-07-11 18:29:32,183 W
2024-07-11 18:29:34,171 W
2024-07-11 18:29:36,171 W
2024-07-11 18:29:38,149 W
2024-07-11 18:29:40,152 W
2024-07-11 18:29:42,152 W
2024-07-11 18:29:44,212 W
2024-07-11 18:29:46,174 W
2024-07-11 18:29:48,174 W
2024-07-11 18:29:50,217 W
2024-07-11 18:29:52,165 W
2024-07-11 18:29:54,165 W
2024-07-11 18:29:56,206 W
2024-07-11 18:29:58,154 W
2024-07-11 18:30:00,154 W
2024-07-11 18:30:02,165 W
2024-07-11 18:30:04,152 W
2024-07-11 18:30:06,152 W
2024-07-11 18:30:08,208 W
2024-07-11 18:30:10,163 W
2024-07-11 18:30:12,163 W
2024-07-11 18:30:14,214 W
2024-07-11 18:30:16,183 W
2024-07-11 18:30:18,183 W
2024-07-11 18:30:20,187 W
2024-07-11 18:30:22,232 W
2024-07-11 18:30:24,232 W
2024-07-11 18:30:26,291 W
2024-07-11 18:30:28,268 W
2024-07-11 18:30:30,268 W
2024-07-11 18:30:32,280 W
2024-07-11 18:30:34,281 W
2024-07-11 18:30:36,281 W
2024-07-11 18:30:38,295 W
2024-07-11 18:30:40,291 W
2024-07-11 18:30:42,291 W
2024-07-11 18:30:44,306 W
2024-07-11 18:30:46,251 W
2024-07-11 18:30:48,251 W
2024-07-11 18:30:50,261 W
2024-07-11 18:30:52,284 W
2024-07-11 18:30:54,284 W
2024-07-11 18:30:56,268 W
2024-07-11 18:30:58,368 W
2024-07-11 18:31:00,368 W
2024-07-11 18:31:02,354 W
2024-07-11 18:31:04,349 W
2024-07-11 18:31:06,349 W
2024-07-11 18:31:08,343 W
2024-07-11 18:31:10,314 W
2024-07-11 18:31:12,314 W
2024-07-11 18:31:14,267 W
2024-07-11 18:31:16,298 W
2024-07-11 18:31:18,298 W
2024-07-11 18:31:20,215 W
2024-07-11 18:31:22,229 W
2024-07-11 18:31:24,229 W
2024-07-11 18:31:26,217 W
2024-07-11 18:31:28,195 W
2024-07-11 18:31:30,195 W
2024-07-11 18:31:32,197 W
2024-07-11 18:31:34,209 W
2024-07-11 18:31:36,209 W
2024-07-11 18:31:38,184 W
2024-07-11 18:31:40,203 W
2024-07-11 18:31:42,203 W
2024-07-11 18:31:44,170 W
2024-07-11 18:31:46,192 W
2024-07-11 18:31:48,192 W
2024-07-11 18:31:50,197 W
2024-07-11 18:31:52,209 W
2024-07-11 18:31:54,209 W
2024-07-11 18:31:56,227 W
2024-07-11 18:31:58,204 W
2024-07-11 18:32:00,204 W
2024-07-11 18:32:02,195 W
2024-07-11 18:32:04,181 W
2024-07-11 18:32:06,181 W
2024-07-11 18:32:08,186 W
2024-07-11 18:32:10,178 W
2024-07-11 18:32:12,178 W
2024-07-11 18:32:14,185 W
2024-07-11 18:32:16,206 W
2024-07-11 18:32:18,206 W
2024-07-11 18:32:20,265 W
2024-07-11 18:32:22,209 W
2024-07-11 18:32:24,209 W
2024-07-11 18:32:26,251 W
2024-07-11 18:32:28,286 W
2024-07-11 18:32:30,286 W
2024-07-11 18:32:32,252 W
2024-07-11 18:32:34,228 W
2024-07-11 18:32:36,228 W
2024-07-11 18:32:38,264 W
2024-07-11 18:32:40,208 W
2024-07-11 18:32:42,208 W
2024-07-11 18:32:44,201 W
2024-07-11 18:32:46,207 W
2024-07-11 18:32:48,207 W
2024-07-11 18:32:50,218 W
2024-07-11 18:32:52,195 W
2024-07-11 18:32:54,195 W
2024-07-11 18:32:56,247 W
2024-07-11 18:32:58,250 W
2024-07-11 18:33:00,250 W
2024-07-11 18:33:02,237 W
2024-07-11 18:33:04,212 W
2024-07-11 18:33:06,212 W
2024-07-11 18:33:08,223 W
2024-07-11 18:33:10,232 W
2024-07-11 18:33:12,232 W
2024-07-11 18:33:14,229 W
2024-07-11 18:33:16,218 W
2024-07-11 18:33:18,218 W
2024-07-11 18:33:20,194 W
2024-07-11 18:33:22,193 W
2024-07-11 18:33:24,193 W
2024-07-11 18:33:26,278 W
2024-07-11 18:33:28,317 W
2024-07-11 18:33:30,317 W
2024-07-11 18:33:32,305 W
2024-07-11 18:33:34,327 W
2024-07-11 18:33:36,327 W
2024-07-11 18:33:38,293 W
2024-07-11 18:33:40,304 W
2024-07-11 18:33:42,304 W
2024-07-11 18:33:44,333 W
2024-07-11 18:33:46,319 W
2024-07-11 18:33:48,319 W
2024-07-11 18:33:50,290 W
2024-07-11 18:33:52,305 W
2024-07-11 18:33:54,305 W
2024-07-11 18:33:56,296 W
2024-07-11 18:33:58,323 W
2024-07-11 18:34:00,323 W
2024-07-11 18:34:02,251 W
2024-07-11 18:34:04,330 W
2024-07-11 18:34:06,330 W
2024-07-11 18:34:08,336 W
2024-07-11 18:34:10,297 W
2024-07-11 18:34:12,297 W
2024-07-11 18:34:14,325 W
2024-07-11 18:34:16,299 W
2024-07-11 18:34:18,299 W
2024-07-11 18:34:20,242 W
2024-07-11 18:34:22,236 W
2024-07-11 18:34:24,236 W
2024-07-11 18:34:26,199 W
2024-07-11 18:34:28,183 W
2024-07-11 18:34:30,183 W
2024-07-11 18:34:32,325 W
2024-07-11 18:34:34,301 W
2024-07-11 18:34:36,301 W
2024-07-11 18:34:38,283 W
2024-07-11 18:34:40,314 W
2024-07-11 18:34:42,314 W
2024-07-11 18:34:44,281 W
2024-07-11 18:34:46,323 W
2024-07-11 18:34:48,323 W
2024-07-11 18:34:50,326 W
2024-07-11 18:34:52,358 W
2024-07-11 18:34:54,358 W
2024-07-11 18:34:56,337 W
2024-07-11 18:34:58,308 W
2024-07-11 18:35:00,308 W
2024-07-11 18:35:02,309 W
2024-07-11 18:35:04,310 W
2024-07-11 18:35:06,310 W
2024-07-11 18:35:08,304 W
2024-07-11 18:35:10,316 W
2024-07-11 18:35:12,316 W
2024-07-11 18:35:14,308 W
2024-07-11 18:35:16,320 W
2024-07-11 18:35:18,320 W
2024-07-11 18:35:20,300 W
2024-07-11 18:35:22,336 W
2024-07-11 18:35:24,336 W
2024-07-11 18:35:26,326 W
2024-07-11 18:35:28,316 W
2024-07-11 18:35:30,316 W
2024-07-11 18:35:32,318 W
2024-07-11 18:35:34,347 W
2024-07-11 18:35:36,347 W
2024-07-11 18:35:38,309 W
2024-07-11 18:35:40,235 W
2024-07-11 18:35:42,235 W
2024-07-11 18:35:44,293 W
2024-07-11 18:35:46,280 W
2024-07-11 18:35:48,280 W
2024-07-11 18:35:50,327 W
2024-07-11 18:35:52,320 W
2024-07-11 18:35:54,320 W
2024-07-11 18:35:56,320 W
2024-07-11 18:35:58,319 W
2024-07-11 18:36:00,319 W
2024-07-11 18:36:02,274 W
2024-07-11 18:36:04,306 W
2024-07-11 18:36:06,306 W
2024-07-11 18:36:08,266 W
2024-07-11 18:36:10,276 W
2024-07-11 18:36:12,276 W
2024-07-11 18:36:14,306 W
2024-07-11 18:36:16,284 W
2024-07-11 18:36:18,284 W
2024-07-11 18:36:20,300 W
2024-07-11 18:36:22,342 W
2024-07-11 18:36:24,342 W
2024-07-11 18:36:26,319 W
2024-07-11 18:36:28,310 W
2024-07-11 18:36:30,310 W
2024-07-11 18:36:32,308 W
2024-07-11 18:36:34,281 W
2024-07-11 18:36:36,281 W
2024-07-11 18:36:38,299 W
2024-07-11 18:36:40,265 W
2024-07-11 18:36:42,265 W
2024-07-11 18:36:44,299 W
2024-07-11 18:36:46,303 W
2024-07-11 18:36:48,303 W
2024-07-11 18:36:50,239 W
2024-07-11 18:36:52,232 W
2024-07-11 18:36:54,232 W
2024-07-11 18:36:56,249 W
2024-07-11 18:36:58,262 W
2024-07-11 18:37:00,262 W
2024-07-11 18:37:02,231 W
2024-07-11 18:37:04,273 W
2024-07-11 18:37:06,273 W
2024-07-11 18:37:08,306 W
2024-07-11 18:37:10,282 W
2024-07-11 18:37:12,282 W
2024-07-11 18:37:14,321 W
2024-07-11 18:37:16,289 W
2024-07-11 18:37:18,289 W
2024-07-11 18:37:20,284 W
2024-07-11 18:37:22,279 W
2024-07-11 18:37:24,279 W
2024-07-11 18:37:26,206 W
2024-07-11 18:37:28,307 W
2024-07-11 18:37:30,307 W
2024-07-11 18:37:32,306 W
2024-07-11 18:37:34,319 W
2024-07-11 18:37:36,319 W
2024-07-11 18:37:38,269 W
2024-07-11 18:37:40,279 W
2024-07-11 18:37:42,279 W
2024-07-11 18:37:44,264 W
2024-07-11 18:37:46,266 W
2024-07-11 18:37:48,266 W
2024-07-11 18:37:50,250 W
2024-07-11 18:37:52,239 W
2024-07-11 18:37:54,239 W
2024-07-11 18:37:56,187 W
2024-07-11 18:37:58,180 W
2024-07-11 18:38:00,180 W
2024-07-11 18:38:02,173 W
2024-07-11 18:38:04,235 W
2024-07-11 18:38:06,235 W
2024-07-11 18:38:08,187 W
2024-07-11 18:38:10,251 W
2024-07-11 18:38:12,251 W
2024-07-11 18:38:14,253 W
2024-07-11 18:38:16,299 W
2024-07-11 18:38:18,299 W
2024-07-11 18:38:20,235 W
2024-07-11 18:38:22,273 W
2024-07-11 18:38:24,273 W
2024-07-11 18:38:26,315 W
2024-07-11 18:38:28,281 W
2024-07-11 18:38:30,281 W
2024-07-11 18:38:32,294 W
2024-07-11 18:38:34,329 W
2024-07-11 18:38:36,329 W
2024-07-11 18:38:38,312 W
2024-07-11 18:38:40,281 W
2024-07-11 18:38:42,281 W
2024-07-11 18:38:44,314 W
2024-07-11 18:38:46,265 W
2024-07-11 18:38:48,265 W
2024-07-11 18:38:50,229 W
2024-07-11 18:38:52,238 W
2024-07-11 18:38:54,238 W
2024-07-11 18:38:56,255 W
2024-07-11 18:38:58,225 W
2024-07-11 18:39:00,225 W
2024-07-11 18:39:02,208 W
2024-07-11 18:39:04,245 W
2024-07-11 18:39:06,245 W
2024-07-11 18:39:08,241 W
2024-07-11 18:39:10,298 W
2024-07-11 18:39:12,298 W
2024-07-11 18:39:14,292 W
2024-07-11 18:39:16,261 W
2024-07-11 18:39:18,261 W
2024-07-11 18:39:20,286 W
2024-07-11 18:39:22,293 W
2024-07-11 18:39:24,293 W
2024-07-11 18:39:26,278 W
2024-07-11 18:39:28,322 W
2024-07-11 18:39:30,322 W
2024-07-11 18:39:32,310 W
2024-07-11 18:39:34,290 W
2024-07-11 18:39:36,290 W
2024-07-11 18:39:38,334 W
2024-07-11 18:39:40,277 W
2024-07-11 18:39:42,277 W
2024-07-11 18:39:44,313 W
2024-07-11 18:39:46,263 W
2024-07-11 18:39:48,263 W
2024-07-11 18:39:50,233 W
2024-07-11 18:39:52,199 W
2024-07-11 18:39:54,199 W
2024-07-11 18:39:56,293 W
2024-07-11 18:39:58,260 W
2024-07-11 18:40:00,260 W
2024-07-11 18:40:02,230 W
2024-07-11 18:40:04,292 W
2024-07-11 18:40:06,292 W
2024-07-11 18:40:08,310 W
2024-07-11 18:40:10,285 W
2024-07-11 18:40:12,285 W
2024-07-11 18:40:14,300 W
2024-07-11 18:40:16,259 W
2024-07-11 18:40:18,259 W
2024-07-11 18:40:20,291 W
2024-07-11 18:40:22,265 W
2024-07-11 18:40:24,265 W
2024-07-11 18:40:26,224 W
2024-07-11 18:40:28,151 W
2024-07-11 18:40:30,151 W
2024-07-11 18:40:32,243 W
2024-07-11 18:40:34,232 W
2024-07-11 18:40:36,232 W
2024-07-11 18:40:38,204 W
2024-07-11 18:40:40,222 W
2024-07-11 18:40:42,222 W
2024-07-11 18:40:44,168 W
2024-07-11 18:40:46,197 W
2024-07-11 18:40:48,197 W
2024-07-11 18:40:50,212 W
2024-07-11 18:40:52,292 W
2024-07-11 18:40:54,292 W
2024-07-11 18:40:56,282 W
2024-07-11 18:40:58,303 W
2024-07-11 18:41:00,303 W
2024-07-11 18:41:02,321 W
2024-07-11 18:41:04,255 W
2024-07-11 18:41:06,255 W
2024-07-11 18:41:08,268 W
2024-07-11 18:41:10,315 W
2024-07-11 18:41:12,315 W
2024-07-11 18:41:14,350 W
2024-07-11 18:41:16,335 W
2024-07-11 18:41:18,335 W
2024-07-11 18:41:20,318 W
2024-07-11 18:41:22,340 W
2024-07-11 18:41:24,340 W
2024-07-11 18:41:26,288 W
2024-07-11 18:41:28,274 W
2024-07-11 18:41:30,274 W
2024-07-11 18:41:32,283 W
2024-07-11 18:41:34,316 W
2024-07-11 18:41:36,316 W
2024-07-11 18:41:38,341 W
2024-07-11 18:41:40,343 W
2024-07-11 18:41:42,343 W
2024-07-11 18:41:44,310 W
2024-07-11 18:41:46,289 W
2024-07-11 18:41:48,289 W
2024-07-11 18:41:50,299 W
2024-07-11 18:41:52,333 W
2024-07-11 18:41:54,333 W
2024-07-11 18:41:56,308 W
2024-07-11 18:41:58,271 W
2024-07-11 18:42:00,271 W
2024-07-11 18:42:02,317 W
2024-07-11 18:42:04,290 W
2024-07-11 18:42:06,290 W
2024-07-11 18:42:08,272 W
2024-07-11 18:42:10,257 W
2024-07-11 18:42:12,257 W
2024-07-11 18:42:14,313 W
2024-07-11 18:42:16,304 W
2024-07-11 18:42:18,304 W
2024-07-11 18:42:20,317 W
2024-07-11 18:42:22,319 W
2024-07-11 18:42:24,319 W
2024-07-11 18:42:26,274 W
2024-07-11 18:42:28,249 W
2024-07-11 18:42:30,249 W
2024-07-11 18:42:32,277 W
2024-07-11 18:42:34,301 W
2024-07-11 18:42:36,301 W
2024-07-11 18:42:38,284 W
2024-07-11 18:42:40,248 W
2024-07-11 18:42:42,248 W
2024-07-11 18:42:44,169 W
2024-07-11 18:42:46,201 W
2024-07-11 18:42:48,201 W
2024-07-11 18:42:50,164 W
2024-07-11 18:42:52,243 W
2024-07-11 18:42:54,243 W
2024-07-11 18:42:56,260 W
2024-07-11 18:42:58,218 W
2024-07-11 18:43:00,218 W
2024-07-11 18:43:02,273 W
2024-07-11 18:43:04,198 W
2024-07-11 18:43:06,198 W
2024-07-11 18:43:08,204 W
2024-07-11 18:43:10,242 W
2024-07-11 18:43:12,242 W
2024-07-11 18:43:14,250 W
2024-07-11 18:43:16,164 W
2024-07-11 18:43:18,164 W
2024-07-11 18:43:20,216 W
2024-07-11 18:43:22,213 W
2024-07-11 18:43:24,213 W
2024-07-11 18:43:26,183 W
2024-07-11 18:43:28,216 W
2024-07-11 18:43:30,216 W
2024-07-11 18:43:32,203 W
2024-07-11 18:43:34,207 W
2024-07-11 18:43:36,207 W
2024-07-11 18:43:38,198 W
2024-07-11 18:43:40,241 W
2024-07-11 18:43:42,241 W
2024-07-11 18:43:44,233 W
2024-07-11 18:43:46,230 W
2024-07-11 18:43:48,230 W
2024-07-11 18:43:50,240 W
2024-07-11 18:43:52,143 W
2024-07-11 18:43:54,143 W
2024-07-11 18:43:56,170 W
2024-07-11 18:43:58,164 W
2024-07-11 18:44:00,164 W
2024-07-11 18:44:02,183 W
2024-07-11 18:44:04,191 W
2024-07-11 18:44:06,191 W
2024-07-11 18:44:08,229 W
2024-07-11 18:44:10,286 W
2024-07-11 18:44:12,286 W
2024-07-11 18:44:14,256 W
2024-07-11 18:44:16,305 W
2024-07-11 18:44:18,305 W
2024-07-11 18:44:20,261 W
2024-07-11 18:44:22,261 W
2024-07-11 18:44:24,261 W
2024-07-11 18:44:26,296 W
2024-07-11 18:44:28,264 W
2024-07-11 18:44:30,264 W
2024-07-11 18:44:32,176 W
2024-07-11 18:44:34,236 W
2024-07-11 18:44:36,236 W
2024-07-11 18:44:38,205 W
2024-07-11 18:44:40,155 W
2024-07-11 18:44:42,155 W
2024-07-11 18:44:44,184 W
2024-07-11 18:44:46,286 W
2024-07-11 18:44:48,286 W
2024-07-11 18:44:50,254 W
2024-07-11 18:44:52,281 W
2024-07-11 18:44:54,281 W
2024-07-11 18:44:56,267 W
2024-07-11 18:44:58,261 W
2024-07-11 18:45:00,261 W
2024-07-11 18:45:02,170 W
2024-07-11 18:45:04,181 W
2024-07-11 18:45:06,181 W
2024-07-11 18:45:08,147 W
2024-07-11 18:45:10,263 W
2024-07-11 18:45:12,263 W
2024-07-11 18:45:14,259 W
2024-07-11 18:45:16,155 W
2024-07-11 18:45:18,155 W
2024-07-11 18:45:20,156 W
2024-07-11 18:45:22,178 W
2024-07-11 18:45:24,178 W
2024-07-11 18:45:26,161 W
2024-07-11 18:45:28,183 W
2024-07-11 18:45:30,183 W
2024-07-11 18:45:32,160 W
2024-07-11 18:45:34,186 W
2024-07-11 18:45:36,186 W
2024-07-11 18:45:38,292 W
2024-07-11 18:45:40,348 W
2024-07-11 18:45:42,348 W
2024-07-11 18:45:44,283 W
2024-07-11 18:45:46,295 W
2024-07-11 18:45:48,295 W
2024-07-11 18:45:50,289 W
2024-07-11 18:45:52,320 W
2024-07-11 18:45:54,320 W
2024-07-11 18:45:56,280 W
2024-07-11 18:45:58,242 W
2024-07-11 18:46:00,242 W
2024-07-11 18:46:02,251 W
2024-07-11 18:46:04,207 W
2024-07-11 18:46:06,207 W
2024-07-11 18:46:08,228 W
2024-07-11 18:46:10,209 W
2024-07-11 18:46:12,209 W
2024-07-11 18:46:14,219 W
2024-07-11 18:46:16,218 W
2024-07-11 18:46:18,218 W
2024-07-11 18:46:20,279 W
2024-07-11 18:46:22,247 W
2024-07-11 18:46:24,247 W
2024-07-11 18:46:26,322 W
2024-07-11 18:46:28,263 W
2024-07-11 18:46:30,263 W
2024-07-11 18:46:32,301 W
2024-07-11 18:46:34,287 W
2024-07-11 18:46:36,287 W
2024-07-11 18:46:38,266 W
2024-07-11 18:46:40,199 W
2024-07-11 18:46:42,199 W
2024-07-11 18:46:44,196 W
2024-07-11 18:46:46,280 W
2024-07-11 18:46:48,280 W
2024-07-11 18:46:50,259 W
2024-07-11 18:46:52,287 W
2024-07-11 18:46:54,287 W
2024-07-11 18:46:56,271 W
2024-07-11 18:46:58,270 W
2024-07-11 18:47:00,270 W
2024-07-11 18:47:02,285 W
2024-07-11 18:47:04,231 W
2024-07-11 18:47:06,231 W
2024-07-11 18:47:08,285 W
2024-07-11 18:47:10,257 W
2024-07-11 18:47:12,257 W
2024-07-11 18:47:14,263 W
2024-07-11 18:47:16,282 W
2024-07-11 18:47:18,282 W
2024-07-11 18:47:20,317 W
2024-07-11 18:47:22,309 W
2024-07-11 18:47:24,309 W
2024-07-11 18:47:26,348 W
2024-07-11 18:47:28,334 W
2024-07-11 18:47:30,334 W
2024-07-11 18:47:32,335 W
2024-07-11 18:47:34,308 W
2024-07-11 18:47:36,308 W
2024-07-11 18:47:38,275 W
2024-07-11 18:47:40,281 W
2024-07-11 18:47:42,281 W
2024-07-11 18:47:44,330 W
2024-07-11 18:47:46,347 W
2024-07-11 18:47:48,347 W
2024-07-11 18:47:50,330 W
2024-07-11 18:47:52,343 W
2024-07-11 18:47:54,343 W
2024-07-11 18:47:56,319 W
2024-07-11 18:47:58,319 W
2024-07-11 18:48:00,319 W
2024-07-11 18:48:02,308 W
2024-07-11 18:48:04,307 W
2024-07-11 18:48:06,307 W
2024-07-11 18:48:08,294 W
2024-07-11 18:48:10,349 W
2024-07-11 18:48:12,349 W
2024-07-11 18:48:14,336 W
2024-07-11 18:48:16,285 W
2024-07-11 18:48:18,285 W
2024-07-11 18:48:20,323 W
2024-07-11 18:48:22,336 W
2024-07-11 18:48:24,336 W
2024-07-11 18:48:26,310 W
2024-07-11 18:48:28,315 W
2024-07-11 18:48:30,315 W
2024-07-11 18:48:32,317 W
2024-07-11 18:48:34,295 W
2024-07-11 18:48:36,295 W
2024-07-11 18:48:38,271 W
2024-07-11 18:48:40,294 W
2024-07-11 18:48:42,294 W
2024-07-11 18:48:44,293 W
2024-07-11 18:48:46,241 W
2024-07-11 18:48:48,241 W
2024-07-11 18:48:50,254 W
2024-07-11 18:48:52,274 W
2024-07-11 18:48:54,274 W
2024-07-11 18:48:56,233 W
2024-07-11 18:48:58,277 W
2024-07-11 18:49:00,277 W
2024-07-11 18:49:02,278 W
2024-07-11 18:49:04,226 W
2024-07-11 18:49:06,226 W
2024-07-11 18:49:08,264 W
2024-07-11 18:49:10,236 W
2024-07-11 18:49:12,236 W
2024-07-11 18:49:14,300 W
2024-07-11 18:49:16,287 W
2024-07-11 18:49:18,287 W
2024-07-11 18:49:20,305 W
2024-07-11 18:49:22,302 W
2024-07-11 18:49:24,302 W
2024-07-11 18:49:26,264 W
2024-07-11 18:49:28,290 W
2024-07-11 18:49:30,290 W
2024-07-11 18:49:32,271 W
2024-07-11 18:49:34,246 W
2024-07-11 18:49:36,246 W
2024-07-11 18:49:38,301 W
2024-07-11 18:49:40,325 W
2024-07-11 18:49:42,325 W
2024-07-11 18:49:44,315 W
2024-07-11 18:49:46,300 W
2024-07-11 18:49:48,300 W
2024-07-11 18:49:50,291 W
2024-07-11 18:49:52,294 W
2024-07-11 18:49:54,294 W
2024-07-11 18:49:56,344 W
2024-07-11 18:49:58,321 W
2024-07-11 18:50:00,321 W
2024-07-11 18:50:02,273 W
2024-07-11 18:50:04,236 W
2024-07-11 18:50:06,236 W
2024-07-11 18:50:08,326 W
2024-07-11 18:50:10,266 W
2024-07-11 18:50:12,266 W
2024-07-11 18:50:14,324 W
2024-07-11 18:50:16,306 W
2024-07-11 18:50:18,306 W
2024-07-11 18:50:20,299 W
2024-07-11 18:50:22,337 W
2024-07-11 18:50:24,337 W
2024-07-11 18:50:26,272 W
2024-07-11 18:50:28,295 W
2024-07-11 18:50:30,295 W
2024-07-11 18:50:32,299 W
2024-07-11 18:50:34,300 W
2024-07-11 18:50:36,300 W
2024-07-11 18:50:38,311 W
2024-07-11 18:50:40,250 W
2024-07-11 18:50:42,250 W
2024-07-11 18:50:44,287 W
2024-07-11 18:50:46,344 W
2024-07-11 18:50:48,344 W
2024-07-11 18:50:50,337 W
2024-07-11 18:50:52,337 W
2024-07-11 18:50:54,337 W
2024-07-11 18:50:56,323 W
2024-07-11 18:50:58,329 W
2024-07-11 18:51:00,329 W
2024-07-11 18:51:02,314 W
2024-07-11 18:51:04,301 W
2024-07-11 18:51:06,301 W
2024-07-11 18:51:08,303 W
2024-07-11 18:51:10,312 W
2024-07-11 18:51:12,312 W
2024-07-11 18:51:14,293 W
2024-07-11 18:51:16,329 W
2024-07-11 18:51:18,329 W
2024-07-11 18:51:20,273 W
2024-07-11 18:51:22,273 W
2024-07-11 18:51:24,273 W
2024-07-11 18:51:26,293 W
2024-07-11 18:51:28,280 W
2024-07-11 18:51:30,280 W
2024-07-11 18:51:32,284 W
2024-07-11 18:51:34,311 W
2024-07-11 18:51:36,311 W
2024-07-11 18:51:38,270 W
2024-07-11 18:51:40,264 W
2024-07-11 18:51:42,264 W
2024-07-11 18:51:44,264 W
2024-07-11 18:51:46,298 W
2024-07-11 18:51:48,298 W
2024-07-11 18:51:50,283 W
2024-07-11 18:51:52,295 W
2024-07-11 18:51:54,295 W
2024-07-11 18:51:56,277 W
2024-07-11 18:51:58,312 W
2024-07-11 18:52:00,312 W
2024-07-11 18:52:02,284 W
2024-07-11 18:52:04,293 W
2024-07-11 18:52:06,293 W
2024-07-11 18:52:08,315 W
2024-07-11 18:52:10,273 W
2024-07-11 18:52:12,273 W
2024-07-11 18:52:14,290 W
2024-07-11 18:52:16,268 W
2024-07-11 18:52:18,268 W
2024-07-11 18:52:20,272 W
2024-07-11 18:52:22,294 W
2024-07-11 18:52:24,294 W
2024-07-11 18:52:26,343 W
2024-07-11 18:52:28,317 W
2024-07-11 18:52:30,317 W
2024-07-11 18:52:32,370 W
2024-07-11 18:52:34,364 W
2024-07-11 18:52:36,364 W
2024-07-11 18:52:38,351 W
2024-07-11 18:52:40,284 W
2024-07-11 18:52:42,284 W
2024-07-11 18:52:44,322 W
2024-07-11 18:52:46,330 W
2024-07-11 18:52:48,330 W
2024-07-11 18:52:50,280 W
2024-07-11 18:52:52,302 W
2024-07-11 18:52:54,302 W
2024-07-11 18:52:56,270 W
2024-07-11 18:52:58,282 W
2024-07-11 18:53:00,282 W
2024-07-11 18:53:02,267 W
2024-07-11 18:53:04,281 W
2024-07-11 18:53:06,281 W
2024-07-11 18:53:08,258 W
2024-07-11 18:53:10,254 W
2024-07-11 18:53:12,254 W
2024-07-11 18:53:14,251 W
2024-07-11 18:53:16,219 W
2024-07-11 18:53:18,219 W
2024-07-11 18:53:20,277 W
2024-07-11 18:53:22,271 W
2024-07-11 18:53:24,271 W
2024-07-11 18:53:26,297 W
2024-07-11 18:53:28,285 W
2024-07-11 18:53:30,285 W
2024-07-11 18:53:32,293 W
2024-07-11 18:53:34,296 W
2024-07-11 18:53:36,296 W
2024-07-11 18:53:38,274 W
2024-07-11 18:53:40,287 W
2024-07-11 18:53:42,287 W
2024-07-11 18:53:44,288 W
2024-07-11 18:53:46,223 W
2024-07-11 18:53:48,223 W
2024-07-11 18:53:50,264 W
2024-07-11 18:53:52,313 W
2024-07-11 18:53:54,313 W
2024-07-11 18:53:56,265 W
2024-07-11 18:53:58,283 W
2024-07-11 18:54:00,283 W
2024-07-11 18:54:02,290 W
2024-07-11 18:54:04,271 W
2024-07-11 18:54:06,271 W
2024-07-11 18:54:08,301 W
2024-07-11 18:54:10,278 W
2024-07-11 18:54:12,278 W
2024-07-11 18:54:14,305 W
2024-07-11 18:54:16,312 W
2024-07-11 18:54:18,312 W
2024-07-11 18:54:20,270 W
2024-07-11 18:54:22,274 W
2024-07-11 18:54:24,274 W
2024-07-11 18:54:26,298 W
2024-07-11 18:54:28,338 W
2024-07-11 18:54:30,338 W
2024-07-11 18:54:32,280 W
2024-07-11 18:54:34,282 W
2024-07-11 18:54:36,282 W
2024-07-11 18:54:38,320 W
2024-07-11 18:54:40,317 W
2024-07-11 18:54:42,317 W
2024-07-11 18:54:44,264 W
2024-07-11 18:54:46,309 W
2024-07-11 18:54:48,309 W
2024-07-11 18:54:50,302 W
2024-07-11 18:54:52,367 W
2024-07-11 18:54:54,367 W
2024-07-11 18:54:56,335 W
2024-07-11 18:54:58,310 W
2024-07-11 18:55:00,310 W
2024-07-11 18:55:02,216 W
2024-07-11 18:55:04,262 W
2024-07-11 18:55:06,262 W
2024-07-11 18:55:08,356 W
2024-07-11 18:55:10,332 W
2024-07-11 18:55:12,332 W
2024-07-11 18:55:14,273 W
2024-07-11 18:55:16,325 W
2024-07-11 18:55:18,325 W
2024-07-11 18:55:20,324 W
2024-07-11 18:55:22,293 W
2024-07-11 18:55:24,293 W
2024-07-11 18:55:26,273 W
2024-07-11 18:55:28,258 W
2024-07-11 18:55:30,258 W
2024-07-11 18:55:32,220 W
2024-07-11 18:55:34,291 W
2024-07-11 18:55:36,291 W
2024-07-11 18:55:38,320 W
2024-07-11 18:55:40,297 W
2024-07-11 18:55:42,297 W
2024-07-11 18:55:44,294 W
2024-07-11 18:55:46,258 W
2024-07-11 18:55:48,258 W
2024-07-11 18:55:50,278 W
2024-07-11 18:55:52,326 W
2024-07-11 18:55:54,326 W
2024-07-11 18:55:56,331 W
2024-07-11 18:55:58,307 W
2024-07-11 18:56:00,307 W
2024-07-11 18:56:02,267 W
2024-07-11 18:56:04,299 W
2024-07-11 18:56:06,299 W
2024-07-11 18:56:08,295 W
2024-07-11 18:56:10,310 W
2024-07-11 18:56:12,310 W
2024-07-11 18:56:14,345 W
2024-07-11 18:56:16,316 W
2024-07-11 18:56:18,316 W
2024-07-11 18:56:20,327 W
2024-07-11 18:56:22,310 W
2024-07-11 18:56:24,310 W
2024-07-11 18:56:26,247 W
2024-07-11 18:56:28,263 W
2024-07-11 18:56:30,263 W
2024-07-11 18:56:32,300 W
2024-07-11 18:56:34,298 W
2024-07-11 18:56:36,298 W
2024-07-11 18:56:38,290 W
2024-07-11 18:56:40,355 W
2024-07-11 18:56:42,355 W
2024-07-11 18:56:44,254 W
2024-07-11 18:56:46,273 W
2024-07-11 18:56:48,273 W
2024-07-11 18:56:50,344 W
2024-07-11 18:56:52,320 W
2024-07-11 18:56:54,320 W
2024-07-11 18:56:56,307 W
2024-07-11 18:56:58,280 W
2024-07-11 18:57:00,280 W
2024-07-11 18:57:02,303 W
2024-07-11 18:57:04,238 W
2024-07-11 18:57:06,238 W
2024-07-11 18:57:08,295 W
2024-07-11 18:57:10,187 W
2024-07-11 18:57:12,187 W
2024-07-11 18:57:14,299 W
2024-07-11 18:57:16,338 W
2024-07-11 18:57:18,338 W
2024-07-11 18:57:20,298 W
2024-07-11 18:57:22,306 W
2024-07-11 18:57:24,306 W
2024-07-11 18:57:26,274 W
2024-07-11 18:57:28,241 W
2024-07-11 18:57:30,241 W
2024-07-11 18:57:32,190 W
2024-07-11 18:57:34,173 W
2024-07-11 18:57:36,173 W
2024-07-11 18:57:38,187 W
2024-07-11 18:57:40,218 W
2024-07-11 18:57:42,218 W
2024-07-11 18:57:44,190 W
2024-07-11 18:57:46,181 W
2024-07-11 18:57:48,181 W
2024-07-11 18:57:50,188 W
2024-07-11 18:57:52,147 W
2024-07-11 18:57:54,147 W
2024-07-11 18:57:56,179 W
2024-07-11 18:57:58,181 W
2024-07-11 18:58:00,181 W
2024-07-11 18:58:02,158 W
2024-07-11 18:58:04,190 W
2024-07-11 18:58:06,190 W
2024-07-11 18:58:08,194 W
2024-07-11 18:58:10,188 W
2024-07-11 18:58:12,188 W
2024-07-11 18:58:14,138 W
2024-07-11 18:58:16,186 W
2024-07-11 18:58:18,186 W
2024-07-11 18:58:20,146 W
2024-07-11 18:58:22,167 W
2024-07-11 18:58:24,167 W
2024-07-11 18:58:26,185 W
2024-07-11 18:58:28,184 W
2024-07-11 18:58:30,184 W
2024-07-11 18:58:32,190 W
2024-07-11 18:58:34,186 W
2024-07-11 18:58:36,186 W
2024-07-11 18:58:38,182 W
2024-07-11 18:58:40,187 W
2024-07-11 18:58:42,187 W
2024-07-11 18:58:44,182 W
2024-07-11 18:58:46,188 W
2024-07-11 18:58:48,188 W
2024-07-11 18:58:50,176 W
2024-07-11 18:58:52,177 W
2024-07-11 18:58:54,177 W
2024-07-11 18:58:56,182 W
2024-07-11 18:58:58,172 W
2024-07-11 18:59:00,172 W
2024-07-11 18:59:02,189 W
2024-07-11 18:59:04,184 W
2024-07-11 18:59:06,184 W
2024-07-11 18:59:08,182 W
2024-07-11 18:59:10,177 W
2024-07-11 18:59:12,177 W
2024-07-11 18:59:14,174 W
2024-07-11 18:59:16,175 W
2024-07-11 18:59:18,175 W
2024-07-11 18:59:20,182 W
2024-07-11 18:59:22,177 W
2024-07-11 18:59:24,177 W
2024-07-11 18:59:26,137 W
2024-07-11 18:59:28,142 W
2024-07-11 18:59:30,142 W