"Time","{application=""FEEDSERVICE"", error=""DataAccessResourceFailureException"", outcome=""SERVER_ERROR"", uri=""/feeds/{userId}""}","{application=""FEEDSERVICE"", error=""IOException"", outcome=""SUCCESS"", uri=""/feeds/{userId}""}","{application=""GATEWAY"", error=""AnnotatedConnectException"", outcome=""SERVER_ERROR"", uri=""UNKNOWN""}","{application=""GATEWAY"", error=""ConnectTimeoutException"", outcome=""SERVER_ERROR"", uri=""UNKNOWN""}","{application=""GATEWAY"", error=""InternalNettyException"", outcome=""SERVER_ERROR"", uri=""UNKNOWN""}","{application=""GATEWAY"", error=""InternalNettyException"", outcome=""SUCCESS"", uri=""UNKNOWN""}","{application=""POSTSERVICE"", error=""IOException"", outcome=""SUCCESS"", uri=""/categories""}","{application=""USERSERVICE"", error=""IOException"", outcome=""SUCCESS"", uri=""/users/{id}/followers""}"
2024-07-15 10:29:00,,,,1,,,,
2024-07-15 10:29:30,53,,,1,,,,
2024-07-15 10:30:00,70,,,1,,,,
2024-07-15 10:30:30,70,,,1,,,,
2024-07-15 10:31:00,70,,,2,,,,
2024-07-15 10:31:30,70,,,3,,,,
2024-07-15 10:32:00,70,,,3,,,,
2024-07-15 10:32:30,70,,,3,,,,
2024-07-15 10:33:00,70,,,3,,,,
2024-07-15 10:33:30,70,,,3,,,,
2024-07-15 10:34:00,70,,,3,,,,
2024-07-15 10:34:30,70,,,3,,,,
2024-07-15 10:35:00,70,,,3,,,,
2024-07-15 10:35:30,70,,,3,,,,
2024-07-15 10:36:00,70,,,3,,,,
2024-07-15 10:36:30,70,,,3,,,,
2024-07-15 10:37:00,70,,,3,,,,
2024-07-15 10:37:30,70,,,3,,,,
2024-07-15 10:38:00,70,,,3,,,,
2024-07-15 10:38:30,70,,,3,,,,
2024-07-15 10:39:00,70,,,3,,,,
2024-07-15 10:39:30,70,,,3,,,,
2024-07-15 10:40:00,70,,,3,,,,
2024-07-15 10:40:30,70,,,3,,,,
2024-07-15 10:41:00,70,,,3,,,,
2024-07-15 10:41:30,70,,,3,,,,
2024-07-15 10:42:00,70,,,3,,,,
2024-07-15 10:42:30,70,,,3,,,,
2024-07-15 10:43:00,70,,,3,,,,
2024-07-15 10:43:30,70,,,3,,,,
2024-07-15 10:44:00,70,,,3,,,,
2024-07-15 10:44:30,70,,,3,,,,
2024-07-15 10:45:00,70,,,3,,,,
2024-07-15 10:45:30,70,,,3,,,,
2024-07-15 10:46:00,70,,,3,,,,
2024-07-15 10:46:30,70,,,3,,,,
2024-07-15 10:47:00,70,,,3,,,,
2024-07-15 10:47:30,70,,,3,,,,
2024-07-15 10:48:00,70,,,3,,,,
2024-07-15 10:48:30,70,,,3,,,,
2024-07-15 10:49:00,70,,,3,,,,
2024-07-15 10:49:30,70,,,3,,,,
2024-07-15 10:50:00,70,,,3,,,,
2024-07-15 10:50:30,70,,,3,,,,
2024-07-15 10:51:00,70,,,3,,,,
2024-07-15 10:51:30,70,,,3,,,,
2024-07-15 10:52:00,70,,,3,,,,
2024-07-15 10:52:30,149,,,3,,,,
2024-07-15 10:53:00,211,,,3,,,,
2024-07-15 10:53:30,211,,,3,,,,
2024-07-15 10:54:00,211,,,3,,,,
2024-07-15 10:54:30,211,,,3,,,,
2024-07-15 10:55:00,211,,,3,,,,
2024-07-15 10:55:30,211,,,3,,,,
2024-07-15 10:56:00,211,,,3,,,,
2024-07-15 10:56:30,215,,,3,,,,
2024-07-15 10:57:00,215,,,3,,,,
2024-07-15 10:57:30,215,,,3,,,,
2024-07-15 10:58:00,215,,,3,,,,
2024-07-15 10:58:30,215,,,3,,,,
2024-07-15 10:59:00,215,,,3,,,,
2024-07-15 10:59:30,215,,,3,,,,
2024-07-15 11:00:00,215,,,3,,,,
2024-07-15 11:00:30,215,,,3,,,,
2024-07-15 11:01:00,215,,,3,,,,
2024-07-15 11:01:30,215,,,3,,,,
2024-07-15 11:02:00,215,,,3,,,,
2024-07-15 11:02:30,215,,,3,,,,
2024-07-15 11:03:00,215,,,3,,,,
2024-07-15 11:03:30,215,,,3,,,,
2024-07-15 11:04:00,215,,,3,,,,
2024-07-15 11:04:30,215,,,3,,,,
2024-07-15 11:05:00,215,,,3,,,,
2024-07-15 11:05:30,215,,,3,,,,
2024-07-15 11:06:00,215,,,3,,,,
2024-07-15 11:06:30,215,,,3,,,,
2024-07-15 11:07:00,215,,,3,,,,
2024-07-15 11:07:30,215,,,3,,,,
2024-07-15 11:08:00,215,,,3,,,,
2024-07-15 11:08:30,215,,,3,,,,
2024-07-15 11:09:00,215,,,3,,,,
2024-07-15 11:09:30,215,,,3,,,,
2024-07-15 11:10:00,215,,,3,,,,
2024-07-15 11:10:30,215,,,3,,,,
2024-07-15 11:11:00,215,,,3,,,,
2024-07-15 11:11:30,216,,,3,,,,
2024-07-15 11:12:00,216,,,3,,,,
2024-07-15 11:12:30,216,,,3,,,,
2024-07-15 11:13:00,216,,,3,,,,
2024-07-15 11:13:30,216,,,3,,,,
2024-07-15 11:14:00,345,,,4,,,,
2024-07-15 11:14:30,348,,,4,,,,
2024-07-15 11:15:00,348,,,4,,,,
2024-07-15 11:15:30,348,,,4,,,,
2024-07-15 11:16:00,348,,,4,,,,
2024-07-15 11:16:30,348,,,4,,,,
2024-07-15 11:17:00,348,,,4,,,,
2024-07-15 11:17:30,348,,,4,,,,
2024-07-15 11:18:00,348,,,4,,,,
2024-07-15 11:18:30,348,,,4,,,,
2024-07-15 11:19:00,348,,,4,,,,
2024-07-15 11:19:30,348,,,4,,,,
2024-07-15 11:20:00,348,,,4,,,,
2024-07-15 11:20:30,348,,,4,,,,
2024-07-15 11:21:00,348,,,4,,,,
2024-07-15 11:21:30,348,,,4,,,,
2024-07-15 11:22:00,348,,,4,,,,
2024-07-15 11:22:30,348,,,4,,,,
2024-07-15 11:23:00,348,,,4,,,,
2024-07-15 11:23:30,348,,,4,,,,
2024-07-15 11:24:00,349,,,4,,,,
2024-07-15 11:24:30,349,,,4,,,,
2024-07-15 11:25:00,349,,,4,,,,
2024-07-15 11:25:30,349,,,4,,,,
2024-07-15 11:26:00,349,,,4,,,,
2024-07-15 11:26:30,351,,,4,,,,
2024-07-15 11:27:00,352,,,4,,,,
2024-07-15 11:27:30,353,,,4,,,,
2024-07-15 11:28:00,353,,,4,,,,
2024-07-15 11:28:30,353,,,4,,,,
2024-07-15 11:29:00,354,,,4,,,,
2024-07-15 11:29:30,354,,,4,,,,
2024-07-15 11:30:00,354,,,4,,,,
2024-07-15 11:30:30,354,,,4,,,,
2024-07-15 11:31:00,354,,,4,,,,
2024-07-15 11:31:30,363,,,4,,,,
2024-07-15 11:32:00,363,,,4,,,,
2024-07-15 11:32:30,363,,,4,,,,
2024-07-15 11:33:00,365,,,4,,,,
2024-07-15 11:33:30,365,,,4,,,,
2024-07-15 11:34:00,365,,,4,,,,
2024-07-15 11:34:30,371,,,4,,,,
2024-07-15 11:35:00,372,,,4,,,,
2024-07-15 11:35:30,377,,,4,,,,
2024-07-15 11:36:00,377,,,4,,,,
2024-07-15 11:36:30,377,,,4,,,,
2024-07-15 11:37:00,378,,,4,,,,
2024-07-15 11:37:30,383,,,4,,,,
2024-07-15 11:38:00,398,,,4,,,,
2024-07-15 11:38:30,419,,,4,,,,
2024-07-15 11:39:00,433,,,4,,,,
2024-07-15 11:39:30,450,,,4,,,,
2024-07-15 11:40:00,478,,,4,,,,
2024-07-15 11:40:30,480,,,4,,,,
2024-07-15 11:41:00,480,,,4,,,,
2024-07-15 11:41:30,480,,,4,,,,
2024-07-15 11:42:00,481,,,4,,,,
2024-07-15 11:42:30,483,,,4,,,,
2024-07-15 11:43:00,498,,,4,,,,
2024-07-15 11:43:30,514,,,4,,,,
2024-07-15 11:44:00,514,,,4,,,,
2024-07-15 11:44:30,536,,,4,,,,
2024-07-15 11:45:00,577,,,4,,,,
2024-07-15 11:45:30,610,,,4,,,,
2024-07-15 11:46:00,613,,,4,,,,
2024-07-15 11:46:30,620,,,4,,,,
2024-07-15 11:47:00,637,,,4,,,,
2024-07-15 11:47:30,661,,,4,,,,
2024-07-15 11:48:00,701,,,4,,,,
2024-07-15 11:48:30,725,,,4,,,,
2024-07-15 11:49:00,742,,,4,,,,
2024-07-15 11:49:30,749,,,4,,,,
2024-07-15 11:50:00,767,,,4,,,,
2024-07-15 11:50:30,800,,,4,,,,
2024-07-15 11:51:00,821,,,4,,,,
2024-07-15 11:51:30,850,,,4,,,,
2024-07-15 11:52:00,862,,,4,,,,
2024-07-15 11:52:30,862,,,4,,,,
2024-07-15 11:53:00,862,,,4,,,,
2024-07-15 11:53:30,876,,,4,,,,
2024-07-15 11:54:00,877,,,4,,,,
2024-07-15 11:54:30,881,,,4,,,,
2024-07-15 11:55:00,883,,,4,,,,
2024-07-15 11:55:30,916,,,4,,,,
2024-07-15 11:56:00,958,,,4,,,,
2024-07-15 11:56:30,1030,,,4,,,,
2024-07-15 11:57:00,1069,,,4,,,,
2024-07-15 11:57:30,1077,,,4,,,,
2024-07-15 11:58:00,1078,,,4,,,,
2024-07-15 11:58:30,1078,,,4,,,,
2024-07-15 11:59:00,1078,,,4,,,,
2024-07-15 11:59:30,1078,,,4,,,,
2024-07-15 12:00:00,1090,,,4,,,,
2024-07-15 12:00:30,1099,,,4,,,,
2024-07-15 12:01:00,1147,,,4,,,,
2024-07-15 12:01:30,1190,241,,4,,,2,
2024-07-15 12:02:00,1190,374,,4,,,2,
2024-07-15 12:02:30,1190,374,,4,,,2,
2024-07-15 12:03:00,1190,374,,4,,,2,
2024-07-15 12:03:30,1190,374,,4,,,2,
2024-07-15 12:04:00,1190,374,,4,,,2,
2024-07-15 12:04:30,1190,374,,4,,,2,
2024-07-15 12:05:00,1190,374,,4,,,2,
2024-07-15 12:05:30,1190,374,,4,,,2,
2024-07-15 12:06:00,1190,374,,4,,,2,
2024-07-15 12:06:30,1190,374,,4,,,2,
2024-07-15 12:07:00,1190,374,,4,,,2,
2024-07-15 12:07:30,1190,374,,4,,,1,
2024-07-15 12:08:00,1190,374,,4,,,1,
2024-07-15 12:08:30,1190,374,,4,,,1,
2024-07-15 12:09:00,1190,374,,4,,,1,
2024-07-15 12:09:30,1190,374,,4,,,1,
2024-07-15 12:10:00,1190,374,,4,,,1,
2024-07-15 12:10:30,1190,374,,4,,,1,
2024-07-15 12:11:00,1190,374,,4,,,1,
2024-07-15 12:11:30,1190,374,,4,,,1,
2024-07-15 12:12:00,1190,374,,4,,,1,
2024-07-15 12:12:30,1190,374,,4,,,1,
2024-07-15 12:13:00,1190,374,,4,,,1,
2024-07-15 12:13:30,1190,374,,4,,,1,
2024-07-15 12:14:00,1190,374,,4,,,1,
2024-07-15 12:14:30,1190,374,,4,,,1,
2024-07-15 12:15:00,1190,374,,4,,,1,
2024-07-15 12:15:30,1190,374,,4,,,1,
2024-07-15 12:16:00,1190,374,,4,,,1,
2024-07-15 12:16:30,1190,374,,4,,,1,
2024-07-15 12:17:00,1190,374,,4,,,1,
2024-07-15 12:17:30,1190,374,,4,,,1,
2024-07-15 12:18:00,1190,374,,4,,,1,
2024-07-15 12:18:30,1190,374,,4,,,1,
2024-07-15 12:19:00,1190,374,,4,,,1,
2024-07-15 12:19:30,1190,374,,4,,,1,
2024-07-15 12:20:00,1190,374,,4,,,1,
2024-07-15 12:20:30,1190,374,,4,,,1,
2024-07-15 12:21:00,1190,374,,4,,,1,
2024-07-15 12:21:30,1190,374,,4,,,1,
2024-07-15 12:22:00,1190,374,,4,,,1,
2024-07-15 12:22:30,1190,374,,4,,,1,
2024-07-15 12:23:00,1190,374,,4,,,1,
2024-07-15 12:23:30,1190,374,,4,,,1,
2024-07-15 12:24:00,1190,374,,4,,,1,
2024-07-15 12:24:30,1190,374,,4,,,1,
2024-07-15 12:25:00,1190,374,,4,,,1,
2024-07-15 12:25:30,1190,374,,4,,,1,
2024-07-15 12:26:00,1190,374,,4,,,1,
2024-07-15 12:26:30,1190,374,,4,,,1,
2024-07-15 12:27:00,1190,374,,4,,,1,
2024-07-15 12:27:30,1190,374,,4,,,1,
2024-07-15 12:28:00,1190,374,,4,,,1,
2024-07-15 12:28:30,1190,374,,4,,,1,
2024-07-15 12:29:00,1190,374,,4,,,1,
2024-07-15 12:29:30,1190,374,,4,,,1,
2024-07-15 12:30:00,1190,374,,4,,,1,
2024-07-15 12:30:30,1190,374,,4,,,1,
2024-07-15 12:31:00,1190,374,,4,,,1,
2024-07-15 12:31:30,1190,374,,4,,,1,
2024-07-15 12:32:00,1190,374,,4,,,1,
2024-07-15 12:32:30,1190,374,,4,,,1,
2024-07-15 12:33:00,1190,374,,4,,,1,
2024-07-15 12:33:30,1190,374,,4,,,1,
2024-07-15 12:34:00,1190,374,,4,,,1,
2024-07-15 12:34:30,1190,374,,4,,,1,
2024-07-15 12:35:00,1190,374,,4,,,1,
2024-07-15 12:35:30,1190,374,,4,,,1,
2024-07-15 12:36:00,1190,374,,4,,,1,
2024-07-15 12:36:30,1190,374,,4,,,1,
2024-07-15 12:37:00,1190,374,,4,,,1,
2024-07-15 12:37:30,1190,374,,4,,,1,
2024-07-15 12:38:00,1190,374,,4,,,1,
2024-07-15 12:38:30,1190,374,,4,,,1,
2024-07-15 12:39:00,1190,374,,4,,,1,
2024-07-15 12:39:30,1190,374,,4,,,1,
2024-07-15 12:40:00,1190,374,,4,,,1,
2024-07-15 12:40:30,1190,374,,4,,,1,
2024-07-15 12:41:00,1190,374,,4,,,1,
2024-07-15 12:41:30,1190,374,,4,,,1,
2024-07-15 12:42:00,1190,374,,4,,,1,
2024-07-15 12:42:30,1190,374,,4,,,1,
2024-07-15 12:43:00,1190,374,,4,,,1,
2024-07-15 12:43:30,1190,374,,4,,,1,
2024-07-15 12:44:00,1190,374,,4,,,1,
2024-07-15 12:44:30,1190,374,,4,,,1,
2024-07-15 12:45:00,1190,374,,4,,,1,
2024-07-15 12:45:30,1190,374,,4,,,1,
2024-07-15 12:46:00,1190,374,,4,,,1,
2024-07-15 12:46:30,1190,374,,4,,,1,
2024-07-15 12:47:00,1190,374,,4,,,1,
2024-07-15 12:47:30,1190,374,,4,,,1,
2024-07-15 12:48:00,1190,374,,4,,,1,
2024-07-15 12:48:30,1190,374,,4,,,1,
2024-07-15 12:49:00,1190,374,,4,,,1,
2024-07-15 12:49:30,1190,374,,4,,,1,
2024-07-15 12:50:00,1190,374,,4,,,1,
2024-07-15 12:50:30,1190,374,,4,,,1,
2024-07-15 12:51:00,1190,374,,4,,,1,
2024-07-15 12:51:30,1190,374,,4,,,1,
2024-07-15 12:52:00,1190,374,,4,,,1,
2024-07-15 12:52:30,1190,374,,4,,,1,
2024-07-15 12:53:00,1190,374,,4,,,1,
2024-07-15 12:53:30,1190,374,,4,,,1,
2024-07-15 12:54:00,1190,374,,4,,,1,
2024-07-15 12:54:30,1190,374,,4,,,1,
2024-07-15 12:55:00,1190,374,,4,,,1,
2024-07-15 12:55:30,1190,374,,4,,,1,
2024-07-15 12:56:00,1190,374,,4,,,1,
2024-07-15 12:56:30,1190,374,,4,,,1,
2024-07-15 12:57:00,1190,374,,4,,,1,
2024-07-15 12:57:30,1190,374,,4,,,1,
2024-07-15 12:58:00,1190,374,,4,,,1,
2024-07-15 12:58:30,1190,374,,4,,,1,
2024-07-15 12:59:00,1190,374,,4,,,1,
2024-07-15 12:59:30,1190,374,,4,,,1,
2024-07-15 13:00:00,1190,374,,4,,,1,
2024-07-15 13:00:30,1190,374,,4,,,1,
2024-07-15 13:01:00,1190,374,,4,,,1,
2024-07-15 13:01:30,1190,374,,4,,,1,
2024-07-15 13:02:00,1190,374,,4,,,1,
2024-07-15 13:02:30,1190,374,,4,,,1,
2024-07-15 13:03:00,1190,374,,4,,,1,
2024-07-15 13:03:30,1190,374,,4,,,1,
2024-07-15 13:04:00,1190,374,,4,,,1,
2024-07-15 13:04:30,1190,374,,4,,,1,
2024-07-15 13:05:00,1190,374,,4,,,1,
2024-07-15 13:05:30,1190,374,,4,,,1,
2024-07-15 13:06:00,1190,374,,4,,,1,
2024-07-15 13:06:30,1190,374,,4,,,1,
2024-07-15 13:07:00,1190,374,,4,,,1,
2024-07-15 13:07:30,1190,374,,4,,,1,
2024-07-15 13:08:00,1190,374,,4,,,1,
2024-07-15 13:08:30,1190,374,,4,,,1,
2024-07-15 13:09:00,1190,374,,4,,,1,
2024-07-15 13:09:30,1190,374,,4,,,1,
2024-07-15 13:10:00,1190,374,,4,,,1,
2024-07-15 13:10:30,1190,374,,4,,,1,
2024-07-15 13:11:00,1190,374,,4,,,1,
2024-07-15 13:11:30,1190,374,,4,,,1,
2024-07-15 13:12:00,1190,374,,4,,,1,
2024-07-15 13:12:30,1190,374,,4,,,1,
2024-07-15 13:13:00,1190,374,,4,,,1,
2024-07-15 13:13:30,1190,374,,4,,,1,
2024-07-15 13:14:00,1190,374,,4,,,1,
2024-07-15 13:14:30,1190,374,,4,,,1,
2024-07-15 13:15:00,1190,374,,4,,,1,
2024-07-15 13:15:30,1190,374,,4,,,1,
2024-07-15 13:16:00,1190,374,,4,,,1,
2024-07-15 13:16:30,1190,374,,4,,,1,
2024-07-15 13:17:00,1190,374,,4,,,1,
2024-07-15 13:17:30,1190,374,,4,,,1,
2024-07-15 13:18:00,1190,374,,4,,,1,
2024-07-15 13:18:30,1190,374,,4,,,1,
2024-07-15 13:19:00,1190,374,,4,,,1,
2024-07-15 13:19:30,1190,374,,4,,,1,
2024-07-15 13:20:00,1190,374,,4,,,1,
2024-07-15 13:20:30,1190,374,,4,,,1,
2024-07-15 13:21:00,1190,374,,4,,,1,
2024-07-15 13:21:30,1190,374,,4,,,1,
2024-07-15 13:22:00,1190,374,,4,,,1,
2024-07-15 13:22:30,1190,374,,4,,,1,
2024-07-15 13:23:00,1190,374,,4,,,1,
2024-07-15 13:23:30,1190,374,,4,,,1,
2024-07-15 13:24:00,1190,374,,4,,,1,
2024-07-15 13:24:30,1190,374,,4,,,1,
2024-07-15 13:25:00,1190,374,,4,,,1,
2024-07-15 13:25:30,1190,374,,4,,,1,
2024-07-15 13:26:00,1190,374,,4,,,1,
2024-07-15 13:26:30,1190,374,,4,,,1,
2024-07-15 13:27:00,1190,374,,4,,,1,
2024-07-15 13:27:30,1190,374,,4,,,1,
2024-07-15 13:28:00,1190,374,,4,,,1,
2024-07-15 13:28:30,1190,374,,4,,,1,
2024-07-15 13:29:00,1190,374,,4,,,1,
2024-07-15 13:29:30,1190,374,,4,,,1,
2024-07-15 13:30:00,1190,374,,4,,,1,
2024-07-15 13:30:30,1190,374,,4,,,1,
2024-07-15 13:31:00,1190,374,,4,,,1,
2024-07-15 13:31:30,1190,374,,4,,,1,
2024-07-15 13:32:00,1190,374,,4,,,1,
2024-07-15 13:32:30,1190,374,,4,,,1,
2024-07-15 13:33:00,1190,374,,4,,,1,
2024-07-15 13:33:30,1190,374,,4,,,1,
2024-07-15 13:34:00,1190,374,,4,,,1,
2024-07-15 13:34:30,1190,374,,4,,,1,
2024-07-15 13:35:00,1190,374,,4,,,1,
2024-07-15 13:35:30,1190,374,,4,,,1,
2024-07-15 13:36:00,1190,374,,4,,,1,
2024-07-15 13:36:30,1190,374,,4,,,1,
2024-07-15 13:37:00,1190,374,,4,,,1,
2024-07-15 13:37:30,1190,374,,4,,,1,
2024-07-15 13:38:00,1190,374,,4,,,1,
2024-07-15 13:38:30,1190,374,,4,,,1,
2024-07-15 13:39:00,1190,374,,4,,,1,
2024-07-15 13:39:30,1190,374,,4,,,1,
2024-07-15 13:40:00,1190,374,,4,,,1,
2024-07-15 13:40:30,1190,374,,4,,,1,
2024-07-15 13:41:00,1190,374,,4,,,1,
2024-07-15 13:41:30,1190,374,,4,,,1,
2024-07-15 13:42:00,1190,374,,4,,,1,
2024-07-15 13:42:30,1190,374,,4,,,1,
2024-07-15 13:43:00,1190,374,,4,,,1,
2024-07-15 13:43:30,1190,374,,4,,,1,
2024-07-15 13:44:00,1190,374,,4,,,1,
2024-07-15 13:44:30,1190,374,,4,,,1,
2024-07-15 13:45:00,1190,374,,4,,,1,
2024-07-15 13:45:30,1190,374,,4,,,1,
2024-07-15 13:46:00,1190,374,,4,,,1,
2024-07-15 13:46:30,1190,374,,4,,,1,
2024-07-15 13:47:00,1190,374,,4,,,1,
2024-07-15 13:47:30,1190,374,,4,,,1,
2024-07-15 13:48:00,1190,374,,4,,,1,
2024-07-15 13:48:30,1190,374,,4,,,1,
2024-07-15 13:49:00,1190,374,,4,,,1,
2024-07-15 13:49:30,1190,374,,4,,,1,
2024-07-15 13:50:00,1190,374,,4,,,1,
2024-07-15 13:50:30,1190,374,,4,,,1,
2024-07-15 13:51:00,1190,374,,4,,,1,
2024-07-15 13:51:30,1190,374,,4,,,1,
2024-07-15 13:52:00,1190,374,,4,,,1,
2024-07-15 13:52:30,1190,374,,4,,,1,
2024-07-15 13:53:00,1190,374,,4,,,1,
2024-07-15 13:53:30,1190,374,,4,,,1,
2024-07-15 13:54:00,1190,374,,4,,,1,
2024-07-15 13:54:30,1190,374,,4,,,1,
2024-07-15 13:55:00,1190,374,,4,,,1,
2024-07-15 13:55:30,1190,374,,4,,,1,
2024-07-15 13:56:00,1190,374,,4,,,1,
2024-07-15 13:56:30,1190,374,,4,,,1,
2024-07-15 13:57:00,1190,374,,4,,,1,
2024-07-15 13:57:30,1190,374,,4,,,1,
2024-07-15 13:58:00,1190,374,,4,,,1,
2024-07-15 13:58:30,1190,374,,4,,,1,
2024-07-15 13:59:00,1190,374,,4,,,1,
2024-07-15 13:59:30,1190,374,,4,,,1,
2024-07-15 14:00:00,1190,374,,4,,,1,
2024-07-15 14:00:30,1190,374,,4,,,1,
2024-07-15 14:01:00,1190,374,,4,,,1,
2024-07-15 14:01:30,1190,374,,4,,,1,
2024-07-15 14:02:00,1190,374,,4,,,1,
2024-07-15 14:02:30,1190,374,,4,,,1,
2024-07-15 14:03:00,1190,374,,4,,,1,
2024-07-15 14:03:30,1190,374,,4,,,1,
2024-07-15 14:04:00,1190,374,,4,,,1,
2024-07-15 14:04:30,1190,374,,4,,,1,
2024-07-15 14:05:00,1190,374,,4,,,1,
2024-07-15 14:05:30,1190,374,,4,,,1,
2024-07-15 14:06:00,1190,374,,4,,,1,
2024-07-15 14:06:30,1190,374,,4,,,1,
2024-07-15 14:07:00,1190,374,,4,,,1,
2024-07-15 14:07:30,1190,374,,4,,,1,
2024-07-15 14:08:00,1190,374,,4,,,1,
2024-07-15 14:08:30,1190,374,,4,,,1,
2024-07-15 14:09:00,1190,374,,4,,,1,
2024-07-15 14:09:30,1190,374,,4,,,1,
2024-07-15 14:10:00,1190,374,,4,,,1,
2024-07-15 14:10:30,1190,374,,4,,,1,
2024-07-15 14:11:00,1190,374,,4,,,1,
2024-07-15 14:11:30,1190,374,,4,,,1,
2024-07-15 14:12:00,1190,374,,4,,,1,
2024-07-15 14:12:30,1190,374,,4,,,1,
2024-07-15 14:13:00,1190,374,,4,,,1,
2024-07-15 14:13:30,1190,374,,4,,,1,
2024-07-15 14:14:00,1190,374,,4,,,1,
2024-07-15 14:14:30,1190,374,1,9,,,1,
2024-07-15 14:15:00,1190,374,1,9,,,1,
2024-07-15 14:15:30,1190,374,1,9,,,1,
2024-07-15 14:16:00,1190,374,1,9,,,1,
2024-07-15 14:16:30,1190,374,1,9,,,1,
2024-07-15 14:17:00,1190,374,1,9,,,1,
2024-07-15 14:17:30,1190,374,1,9,,,1,
2024-07-15 14:18:00,1190,374,1,9,,,1,
2024-07-15 14:18:30,1190,374,1,9,,,1,
2024-07-15 14:19:00,1190,374,1,9,,,1,
2024-07-15 14:19:30,1190,374,1,9,,,1,
2024-07-15 14:20:00,1190,374,1,9,,,1,
2024-07-15 14:20:30,1190,374,1,9,,,1,
2024-07-15 14:21:00,1190,374,1,9,,,1,
2024-07-15 14:21:30,1190,374,1,9,,,1,
2024-07-15 14:22:00,1190,374,1,9,,,1,
2024-07-15 14:22:30,1190,374,1,9,,,1,
2024-07-15 14:23:00,1190,374,1,9,,,1,
2024-07-15 14:23:30,1190,374,1,9,,,1,
2024-07-15 14:24:00,1190,374,1,9,,,1,
2024-07-15 14:24:30,1190,374,1,9,,,1,
2024-07-15 14:25:00,1190,374,1,9,,,1,
2024-07-15 14:25:30,1190,374,1,9,,,1,
2024-07-15 14:26:00,1190,374,1,9,,,1,
2024-07-15 14:26:30,1190,374,1,9,,,1,
2024-07-15 14:27:00,1190,374,1,9,,,1,
2024-07-15 14:27:30,1190,374,1,9,,,1,
2024-07-15 14:28:00,1190,374,1,9,,,1,
2024-07-15 14:28:30,1190,374,1,9,,,1,
2024-07-15 14:29:00,1190,374,1,9,,,1,
2024-07-15 14:29:30,1190,374,1,9,,,1,
2024-07-15 14:30:00,1190,374,1,9,,,1,
2024-07-15 14:30:30,1190,374,1,9,,,1,
2024-07-15 14:31:00,1190,374,1,9,,,1,
2024-07-15 14:31:30,1190,374,1,9,,,1,
2024-07-15 14:32:00,1190,374,1,9,,,1,
2024-07-15 14:32:30,1190,374,1,9,,,1,
2024-07-15 14:33:00,1190,374,1,9,,,1,
2024-07-15 14:33:30,1190,374,1,9,,,1,
2024-07-15 14:34:00,1190,374,1,9,,,1,
2024-07-15 14:34:30,1190,374,1,9,,,1,
2024-07-15 14:35:00,1190,374,1,9,,,1,
2024-07-15 14:35:30,1190,374,1,9,,,1,
2024-07-15 14:36:00,1190,374,1,9,,,1,
2024-07-15 14:36:30,1190,374,1,9,,,1,
2024-07-15 14:37:00,1190,374,1,9,,,1,
2024-07-15 14:37:30,1190,374,1,9,,,1,
2024-07-15 14:38:00,1190,374,1,9,,,1,
2024-07-15 14:38:30,1190,374,1,11,,,1,
2024-07-15 14:39:00,1190,374,1,14,,,1,
2024-07-15 14:39:30,1204,374,1,14,,,1,
2024-07-15 14:40:00,1217,374,1,14,,,1,
2024-07-15 14:40:30,1217,374,1,14,,,1,
2024-07-15 14:41:00,1217,374,1,14,,,1,
2024-07-15 14:41:30,1217,374,1,14,,,1,
2024-07-15 14:42:00,1217,374,1,14,,,1,
2024-07-15 14:42:30,1217,374,1,14,,,1,
2024-07-15 14:43:00,1217,374,1,14,,,1,
2024-07-15 14:43:30,1217,374,1,14,,,1,
2024-07-15 14:44:00,1217,374,1,14,,,1,
2024-07-15 14:44:30,1220,374,1,14,,,1,
2024-07-15 14:45:00,1293,374,1,14,,,1,
2024-07-15 14:45:30,1293,374,1,14,,,1,
2024-07-15 14:46:00,1293,374,1,14,,,1,
2024-07-15 14:46:30,1293,374,1,14,,,1,
2024-07-15 14:47:00,1293,374,1,14,,,1,
2024-07-15 14:47:30,1293,374,1,14,,,1,
2024-07-15 14:48:00,1293,374,1,14,,,1,
2024-07-15 14:48:30,1293,374,1,14,,,1,
2024-07-15 14:49:00,1293,374,1,14,,,1,
2024-07-15 14:49:30,1293,374,1,14,,,1,
2024-07-15 14:50:00,1293,374,1,14,,,1,
2024-07-15 14:50:30,1293,374,1,14,,,1,
2024-07-15 14:51:00,1293,374,1,14,,,1,
2024-07-15 14:51:30,1293,374,1,14,,,1,
2024-07-15 14:52:00,1293,374,1,14,,,1,
2024-07-15 14:52:30,1293,374,1,14,,,1,
2024-07-15 14:53:00,1293,374,1,14,,,1,
2024-07-15 14:53:30,1293,374,1,14,,,1,
2024-07-15 14:54:00,1293,374,1,14,,,1,
2024-07-15 14:54:30,1293,374,1,14,,,1,
2024-07-15 14:55:00,1293,374,1,14,,,1,
2024-07-15 14:55:30,1293,374,1,14,,,1,
2024-07-15 14:56:00,1293,374,1,14,,,1,
2024-07-15 14:56:30,1293,374,1,14,,,1,
2024-07-15 14:57:00,1293,374,1,14,,,1,
2024-07-15 14:57:30,1293,374,1,14,,,1,
2024-07-15 14:58:00,1293,374,1,14,,,1,
2024-07-15 14:58:30,1293,374,1,14,,,1,
2024-07-15 14:59:00,1293,374,1,14,,,1,
2024-07-15 14:59:30,1293,374,1,14,,,1,
2024-07-15 15:00:00,1293,374,1,14,,,1,
2024-07-15 15:00:30,1293,374,1,14,,,1,
2024-07-15 15:01:00,1293,374,1,14,,,1,
2024-07-15 15:01:30,1293,374,1,14,,1,1,
2024-07-15 15:02:00,1293,374,1,14,,1,1,
2024-07-15 15:02:30,1293,374,1,14,,1,1,
2024-07-15 15:03:00,1293,374,1,14,,1,1,
2024-07-15 15:03:30,1293,374,1,14,,1,1,
2024-07-15 15:04:00,1293,374,1,14,,1,1,
2024-07-15 15:04:30,1293,374,1,14,,1,1,
2024-07-15 15:05:00,1293,374,1,14,,1,1,
2024-07-15 15:05:30,1293,374,1,14,,1,1,
2024-07-15 15:06:00,1293,374,1,14,,1,1,
2024-07-15 15:06:30,1293,374,1,14,1,9,3,
2024-07-15 15:07:00,1293,374,1,14,1,9,3,
2024-07-15 15:07:30,1293,374,1,14,1,9,3,
2024-07-15 15:08:00,1293,374,1,14,1,9,3,
2024-07-15 15:08:30,1293,374,1,14,1,9,3,
2024-07-15 15:09:00,1293,374,1,14,1,9,3,
2024-07-15 15:09:30,1293,374,1,14,1,9,3,
2024-07-15 15:10:00,1293,374,1,14,1,9,3,
2024-07-15 15:10:30,1293,374,1,14,1,9,3,
2024-07-15 15:11:00,1293,374,1,14,1,9,3,
2024-07-15 15:11:30,1297,374,1,14,1,9,3,
2024-07-15 15:12:00,1300,374,1,14,1,9,3,
2024-07-15 15:12:30,1309,374,1,14,1,9,3,
2024-07-15 15:13:00,1316,374,1,14,1,9,3,
2024-07-15 15:13:30,1339,374,1,14,1,9,3,
2024-07-15 15:14:00,1355,374,1,14,1,9,3,
2024-07-15 15:14:30,1355,374,1,14,1,9,3,
2024-07-15 15:15:00,1361,374,1,14,1,9,3,
2024-07-15 15:15:30,1361,374,1,14,1,9,3,
2024-07-15 15:16:00,1361,374,1,14,1,9,3,
2024-07-15 15:16:30,1361,374,1,14,1,9,3,
2024-07-15 15:17:00,1392,374,1,14,1,9,3,
2024-07-15 15:17:30,1540,374,1,14,1,9,3,
2024-07-15 15:18:00,1882,374,1,14,1,9,3,
2024-07-15 15:18:30,2098,374,1,14,1,9,3,
2024-07-15 15:19:00,2111,374,1,14,1,9,3,
2024-07-15 15:19:30,2115,374,1,14,1,9,3,
2024-07-15 15:20:00,2197,374,1,15,1,9,3,
2024-07-15 15:20:30,2539,374,1,15,1,9,3,
2024-07-15 15:21:00,2808,374,1,15,1,9,3,
2024-07-15 15:21:30,2852,374,1,15,1,9,3,
2024-07-15 15:22:00,2852,374,1,15,1,9,3,
2024-07-15 15:22:30,2852,374,1,15,1,9,3,
2024-07-15 15:23:00,2861,374,1,15,1,9,3,
2024-07-15 15:23:30,2880,374,1,15,1,9,3,
2024-07-15 15:24:00,2905,374,1,15,1,9,3,
2024-07-15 15:24:30,2943,374,1,15,1,9,3,
2024-07-15 15:25:00,2950,374,1,15,1,9,3,
2024-07-15 15:25:30,2950,374,1,15,1,9,3,
2024-07-15 15:26:00,2951,374,1,15,1,9,3,
2024-07-15 15:26:30,2951,374,1,15,1,9,3,
2024-07-15 15:27:00,2951,374,1,15,1,9,3,
2024-07-15 15:27:30,2967,374,1,15,1,9,3,
2024-07-15 15:28:00,2992,374,1,15,1,9,3,
2024-07-15 15:28:30,3005,374,1,15,1,9,3,
2024-07-15 15:29:00,3049,374,1,15,1,9,3,
2024-07-15 15:29:30,3098,374,1,15,1,9,3,
2024-07-15 15:30:00,3179,374,1,15,1,9,3,
2024-07-15 15:30:30,3255,374,1,15,1,9,3,
2024-07-15 15:31:00,3349,374,1,15,1,9,3,
2024-07-15 15:31:30,3443,374,1,15,1,9,3,
2024-07-15 15:32:00,3518,374,1,15,1,9,3,
2024-07-15 15:32:30,3599,374,1,15,1,9,3,
2024-07-15 15:33:00,3701,374,1,15,1,9,3,
2024-07-15 15:33:30,3804,374,1,15,1,9,3,
2024-07-15 15:34:00,3881,374,1,15,1,9,3,
2024-07-15 15:34:30,3945,374,1,15,1,9,3,
2024-07-15 15:35:00,4018,374,1,15,1,9,3,
2024-07-15 15:35:30,4084,374,1,15,1,9,3,
2024-07-15 15:36:00,4169,374,1,15,1,9,3,
2024-07-15 15:36:30,4244,374,1,15,1,9,3,
2024-07-15 15:37:00,4314,374,1,15,1,9,3,
2024-07-15 15:37:30,4394,374,1,15,1,9,3,
2024-07-15 15:38:00,4475,374,1,15,1,9,3,
2024-07-15 15:38:30,4578,374,1,15,1,9,3,
2024-07-15 15:39:00,4662,374,1,15,1,9,3,
2024-07-15 15:39:30,4757,374,1,15,1,9,3,
2024-07-15 15:40:00,4838,374,1,15,1,9,3,
2024-07-15 15:40:30,4924,374,1,15,1,9,3,
2024-07-15 15:41:00,5012,374,1,15,1,9,3,
2024-07-15 15:41:30,5090,374,1,15,1,9,3,
2024-07-15 15:42:00,5166,374,1,15,1,9,3,
2024-07-15 15:42:30,5266,374,1,15,1,9,3,
2024-07-15 15:43:00,5364,374,1,15,1,9,3,
2024-07-15 15:43:30,5449,374,1,15,1,9,3,
2024-07-15 15:44:00,5546,374,1,15,1,9,3,
2024-07-15 15:44:30,5646,374,1,15,1,9,3,
2024-07-15 15:45:00,5733,374,1,15,1,9,3,
2024-07-15 15:45:30,5815,374,1,15,1,9,3,
2024-07-15 15:46:00,5905,374,1,15,1,9,3,
2024-07-15 15:46:30,6002,374,1,15,1,9,3,
2024-07-15 15:47:00,6116,374,1,15,1,9,3,
2024-07-15 15:47:30,6233,374,1,15,1,9,3,
2024-07-15 15:48:00,6341,431,1,15,1,9,8,
2024-07-15 15:48:30,6346,755,1,15,1,9,8,
2024-07-15 15:49:00,6346,780,1,15,1,9,8,
2024-07-15 15:49:30,6346,780,1,15,1,9,8,
2024-07-15 15:50:00,6346,780,1,15,1,9,8,
2024-07-15 15:50:30,6346,780,1,15,1,9,8,
2024-07-15 15:51:00,6346,780,1,15,1,9,8,
2024-07-15 15:51:30,6346,780,1,15,1,9,8,
2024-07-15 15:52:00,6346,780,1,15,1,9,8,
2024-07-15 15:52:30,6346,780,1,15,1,9,8,
2024-07-15 15:53:00,6346,780,1,15,1,9,8,
2024-07-15 15:53:30,6346,780,1,15,1,9,7,
2024-07-15 15:54:00,6346,780,1,15,1,9,4,
2024-07-15 15:54:30,6346,780,1,15,1,9,4,
2024-07-15 15:55:00,6346,780,1,15,1,9,4,
2024-07-15 15:55:30,6346,780,1,15,1,9,4,
2024-07-15 15:56:00,6346,780,1,15,1,9,4,
2024-07-15 15:56:30,6346,780,1,15,1,9,4,
2024-07-15 15:57:00,6346,780,1,15,1,9,4,
2024-07-15 15:57:30,6346,780,1,15,1,9,4,
2024-07-15 15:58:00,6346,780,1,15,1,9,4,
2024-07-15 15:58:30,6346,780,1,15,1,9,4,
2024-07-15 15:59:00,6346,780,1,15,1,9,4,
2024-07-15 15:59:30,6346,780,1,15,1,9,4,
2024-07-15 16:00:00,6346,780,1,15,1,9,4,
2024-07-15 16:00:30,6346,780,1,15,1,9,4,
2024-07-15 16:01:00,6346,780,1,15,1,9,4,
2024-07-15 16:01:30,6346,780,1,15,1,9,4,
2024-07-15 16:02:00,6346,780,1,15,1,9,4,
2024-07-15 16:02:30,6346,780,1,15,1,9,4,
2024-07-15 16:03:00,6346,780,1,15,1,9,4,
2024-07-15 16:03:30,6346,780,1,15,1,9,4,
2024-07-15 16:04:00,6346,780,1,15,1,9,4,
2024-07-15 16:04:30,6346,780,1,15,1,9,4,
2024-07-15 16:05:00,6346,780,1,15,1,9,4,
2024-07-15 16:05:30,6346,780,1,15,1,9,4,
2024-07-15 16:06:00,6346,780,1,15,1,9,4,
2024-07-15 16:06:30,6346,780,1,15,1,9,4,
2024-07-15 16:07:00,6346,780,1,15,1,9,4,
2024-07-15 16:07:30,6346,780,1,15,1,9,4,
2024-07-15 16:08:00,6346,780,1,15,1,9,4,
2024-07-15 16:08:30,6346,780,1,15,1,9,4,
2024-07-15 16:09:00,6346,780,1,15,1,9,4,
2024-07-15 16:09:30,6346,780,1,15,1,9,4,
2024-07-15 16:10:00,6346,780,1,15,1,9,4,
2024-07-15 16:10:30,6346,780,1,15,1,9,4,
2024-07-15 16:11:00,6346,780,1,15,1,9,4,
2024-07-15 16:11:30,6346,780,1,15,1,9,4,
2024-07-15 16:12:00,6346,780,1,15,1,9,4,
2024-07-15 16:12:30,6346,780,1,15,1,9,4,
2024-07-15 16:13:00,6346,780,1,15,1,9,4,
2024-07-15 16:13:30,6346,780,1,15,1,9,4,
2024-07-15 16:14:00,6346,780,1,15,1,9,4,
2024-07-15 16:14:30,6346,780,1,15,1,9,4,
2024-07-15 16:15:00,6346,780,1,15,1,9,4,
2024-07-15 16:15:30,6346,780,1,15,1,9,4,
2024-07-15 16:16:00,6346,780,1,15,1,9,4,
2024-07-15 16:16:30,6346,780,1,15,1,9,4,
2024-07-15 16:17:00,6346,780,1,15,1,9,4,
2024-07-15 16:17:30,6346,780,1,15,1,9,4,
2024-07-15 16:18:00,6346,780,1,15,1,9,4,
2024-07-15 16:18:30,6346,780,1,15,1,9,4,
2024-07-15 16:19:00,6346,780,1,15,1,9,4,
2024-07-15 16:19:30,6346,780,1,15,1,9,4,
2024-07-15 16:20:00,6346,780,1,15,1,9,4,
2024-07-15 16:20:30,6346,780,1,15,1,9,4,
2024-07-15 16:21:00,6346,780,1,15,1,9,4,
2024-07-15 16:21:30,6346,780,1,15,1,9,4,
2024-07-15 16:22:00,6346,780,1,15,1,9,4,
2024-07-15 16:22:30,6346,780,1,15,1,9,4,
2024-07-15 16:23:00,6346,780,1,15,1,9,4,
2024-07-15 16:23:30,6346,780,1,15,1,9,4,
2024-07-15 16:24:00,6346,780,1,15,1,9,4,
2024-07-15 16:24:30,6346,780,1,15,1,9,4,
2024-07-15 16:25:00,6346,780,1,15,1,9,4,
2024-07-15 16:25:30,6346,780,1,15,1,9,4,
2024-07-15 16:26:00,6346,780,1,15,1,9,4,
2024-07-15 16:26:30,6346,780,1,15,1,9,4,
2024-07-15 16:27:00,6346,780,1,15,1,9,4,
2024-07-15 16:27:30,6346,780,1,15,1,9,4,
2024-07-15 16:28:00,6346,780,1,15,1,9,4,
2024-07-15 16:28:30,6346,780,1,15,1,9,4,
2024-07-15 16:29:00,6346,780,1,15,1,9,4,
2024-07-15 16:29:30,6346,780,1,15,1,9,4,
2024-07-15 16:30:00,6382,780,1,15,1,9,4,
2024-07-15 16:30:30,6406,780,1,15,1,9,4,
2024-07-15 16:31:00,6406,780,1,15,1,9,4,
2024-07-15 16:31:30,6406,780,1,15,1,9,4,
2024-07-15 16:32:00,6406,780,1,15,1,9,4,
2024-07-15 16:32:30,6406,780,1,15,1,9,4,
2024-07-15 16:33:00,6406,780,1,15,1,9,4,
2024-07-15 16:33:30,6406,780,1,15,1,9,4,
2024-07-15 16:34:00,6406,780,1,15,1,9,4,
2024-07-15 16:34:30,6406,780,1,15,1,9,4,
2024-07-15 16:35:00,6406,780,1,15,1,9,4,
2024-07-15 16:35:30,6406,780,1,15,1,9,4,
2024-07-15 16:36:00,6406,780,1,15,1,9,4,
2024-07-15 16:36:30,6406,780,1,15,1,9,4,
2024-07-15 16:37:00,6406,780,1,15,1,9,4,
2024-07-15 16:37:30,6406,780,1,15,1,9,4,
2024-07-15 16:38:00,6406,780,1,15,1,9,4,
2024-07-15 16:38:30,6406,780,1,15,1,9,4,
2024-07-15 16:39:00,6406,780,1,15,1,9,4,
2024-07-15 16:39:30,6406,780,1,15,1,9,4,
2024-07-15 16:40:00,6406,780,1,15,1,9,4,
2024-07-15 16:40:30,6406,780,1,15,1,9,4,
2024-07-15 16:41:00,6406,780,1,15,1,9,4,
2024-07-15 16:41:30,6406,780,1,15,1,9,4,
2024-07-15 16:42:00,6406,780,1,15,1,9,4,
2024-07-15 16:42:30,6406,780,1,15,1,9,4,
2024-07-15 16:43:00,6406,780,1,15,1,9,4,
2024-07-15 16:43:30,6406,780,1,15,1,9,4,
2024-07-15 16:44:00,6406,780,1,15,1,9,4,
2024-07-15 16:44:30,6406,780,1,15,1,9,4,
2024-07-15 16:45:00,6406,780,1,15,1,9,4,
2024-07-15 16:45:30,6406,780,1,15,1,9,4,
2024-07-15 16:46:00,6406,780,1,15,1,9,4,
2024-07-15 16:46:30,6406,780,1,15,1,9,4,
2024-07-15 16:47:00,6406,780,1,15,1,9,4,
2024-07-15 16:47:30,6406,780,1,15,1,9,4,
2024-07-15 16:48:00,6406,780,1,15,1,9,4,
2024-07-15 16:48:30,6406,780,1,15,1,9,4,
2024-07-15 16:49:00,6406,780,1,15,1,9,4,
2024-07-15 16:49:30,6406,780,1,15,1,9,4,
2024-07-15 16:50:00,6406,780,1,15,1,9,4,
2024-07-15 16:50:30,6406,780,1,15,1,9,4,
2024-07-15 16:51:00,6406,780,1,15,1,9,4,
2024-07-15 16:51:30,6406,780,1,15,1,9,4,
2024-07-15 16:52:00,6406,780,1,15,1,9,4,
2024-07-15 16:52:30,6406,780,1,15,1,9,4,
2024-07-15 16:53:00,6406,780,1,15,1,9,4,
2024-07-15 16:53:30,6406,780,1,15,1,9,4,
2024-07-15 16:54:00,6406,780,1,15,1,9,4,
2024-07-15 16:54:30,6406,780,1,15,1,9,4,
2024-07-15 16:55:00,6407,780,1,15,1,9,4,
2024-07-15 16:55:30,6407,780,1,15,1,9,4,
2024-07-15 16:56:00,6407,780,1,15,1,9,4,
2024-07-15 16:56:30,6407,780,1,15,1,9,4,
2024-07-15 16:57:00,6407,780,1,15,1,9,4,
2024-07-15 16:57:30,6407,780,1,15,1,9,4,
2024-07-15 16:58:00,6407,780,1,15,1,9,4,
2024-07-15 16:58:30,6407,780,1,15,1,9,4,
2024-07-15 16:59:00,6407,780,1,15,1,9,4,
2024-07-15 16:59:30,6407,780,1,15,1,9,4,
2024-07-15 17:00:00,6407,780,1,15,1,9,4,
2024-07-15 17:00:30,6407,780,1,15,1,9,4,
2024-07-15 17:01:00,6407,780,1,15,1,9,4,
2024-07-15 17:01:30,6408,780,1,15,1,9,4,
2024-07-15 17:02:00,6408,780,1,15,1,9,4,
2024-07-15 17:02:30,6408,780,1,15,1,9,4,
2024-07-15 17:03:00,6409,780,1,15,1,9,4,
2024-07-15 17:03:30,6409,780,1,15,1,9,4,
2024-07-15 17:04:00,6409,780,1,15,1,9,4,
2024-07-15 17:04:30,6410,780,1,15,1,9,4,
2024-07-15 17:05:00,6410,780,1,15,1,9,4,
2024-07-15 17:05:30,6410,780,1,15,1,9,4,
2024-07-15 17:06:00,6411,780,1,15,1,9,4,
2024-07-15 17:06:30,6411,780,1,15,1,9,4,
2024-07-15 17:07:00,6414,780,1,15,1,9,4,
2024-07-15 17:07:30,6423,780,1,15,1,9,4,
2024-07-15 17:08:00,6423,780,1,15,1,9,4,
2024-07-15 17:08:30,6423,780,1,15,1,9,4,
2024-07-15 17:09:00,6430,780,1,15,1,9,4,
2024-07-15 17:09:30,6434,780,1,15,1,9,4,
2024-07-15 17:10:00,6438,780,1,15,1,9,4,
2024-07-15 17:10:30,6441,780,1,15,1,9,4,
2024-07-15 17:11:00,6446,780,1,15,1,9,4,
2024-07-15 17:11:30,6452,780,1,15,1,9,4,
2024-07-15 17:12:00,6456,780,1,15,1,9,4,
2024-07-15 17:12:30,6456,780,1,15,1,9,4,
2024-07-15 17:13:00,6461,780,1,15,1,9,4,
2024-07-15 17:13:30,6471,780,1,15,1,9,4,
2024-07-15 17:14:00,6482,780,1,15,1,9,4,
2024-07-15 17:14:30,6483,780,1,15,1,9,4,
2024-07-15 17:15:00,6483,780,1,15,1,9,4,
2024-07-15 17:15:30,6483,780,1,15,1,9,4,
2024-07-15 17:16:00,6484,780,1,15,1,9,4,
2024-07-15 17:16:30,6485,780,1,15,1,9,4,
2024-07-15 17:17:00,6485,780,1,15,1,9,4,
2024-07-15 17:17:30,6487,780,1,15,1,9,4,
2024-07-15 17:18:00,6487,780,1,15,1,9,4,
2024-07-15 17:18:30,6488,780,1,15,1,9,4,
2024-07-15 17:19:00,6488,780,1,15,1,9,4,
2024-07-15 17:19:30,6492,780,1,15,1,9,4,
2024-07-15 17:20:00,6495,780,1,15,1,9,4,
2024-07-15 17:20:30,6501,780,1,15,1,9,4,
2024-07-15 17:21:00,6510,780,1,15,1,9,4,
2024-07-15 17:21:30,6533,780,1,15,1,9,4,
2024-07-15 17:22:00,6584,780,1,15,1,9,4,
2024-07-15 17:22:30,6656,780,1,15,1,9,4,
2024-07-15 17:23:00,6727,780,1,15,1,9,4,
2024-07-15 17:23:30,6782,780,1,15,1,9,4,
2024-07-15 17:24:00,6869,780,1,15,1,9,4,
2024-07-15 17:24:30,6942,780,1,15,1,9,4,
2024-07-15 17:25:00,7031,780,1,15,1,9,4,
2024-07-15 17:25:30,7098,780,1,15,1,9,4,
2024-07-15 17:26:00,7155,780,1,15,1,9,4,
2024-07-15 17:26:30,7193,780,1,15,1,9,4,
2024-07-15 17:27:00,7260,780,1,15,1,9,4,
2024-07-15 17:27:30,7330,780,1,15,1,9,4,
2024-07-15 17:28:00,7393,780,1,15,1,9,4,
2024-07-15 17:28:30,7462,780,1,15,1,9,4,
2024-07-15 17:29:00,7547,780,1,15,1,9,4,
2024-07-15 17:29:30,7630,780,1,15,1,9,4,
2024-07-15 17:30:00,7709,780,1,15,1,9,4,
2024-07-15 17:30:30,7785,780,1,15,1,9,4,
2024-07-15 17:31:00,7858,780,1,15,1,9,4,
2024-07-15 17:31:30,7936,780,1,15,1,9,4,
2024-07-15 17:32:00,7985,780,1,15,1,9,4,
2024-07-15 17:32:30,8039,780,1,15,1,9,4,
2024-07-15 17:33:00,8089,780,1,15,1,9,4,
2024-07-15 17:33:30,8151,780,1,15,1,9,4,
2024-07-15 17:34:00,8208,780,1,15,1,9,4,
2024-07-15 17:34:30,8244,780,1,15,1,9,4,
2024-07-15 17:35:00,8278,780,1,15,1,9,4,
2024-07-15 17:35:30,8358,780,1,15,1,9,4,
2024-07-15 17:36:00,8436,780,1,15,1,9,4,
2024-07-15 17:36:30,8496,780,1,15,1,9,4,
2024-07-15 17:37:00,8543,780,1,15,1,9,4,
2024-07-15 17:37:30,8605,780,1,15,1,9,4,
2024-07-15 17:38:00,8675,780,1,15,1,9,4,
2024-07-15 17:38:30,8758,780,1,15,1,9,4,
2024-07-15 17:39:00,8850,780,1,15,1,9,4,
2024-07-15 17:39:30,8967,780,1,15,1,9,4,
2024-07-15 17:40:00,9073,780,1,15,1,9,4,
2024-07-15 17:40:30,9187,780,1,15,1,9,4,
2024-07-15 17:41:00,9325,780,1,15,1,9,4,
2024-07-15 17:41:30,9479,780,1,15,1,9,4,
2024-07-15 17:42:00,9615,780,1,15,1,9,4,
2024-07-15 17:42:30,9767,780,1,15,1,9,4,
2024-07-15 17:43:00,9919,780,1,15,1,9,4,
2024-07-15 17:43:30,10067,780,1,15,1,9,4,
2024-07-15 17:44:00,10210,780,1,15,1,9,4,
2024-07-15 17:44:30,10365,780,1,15,1,9,4,
2024-07-15 17:45:00,10506,780,1,15,1,9,4,
2024-07-15 17:45:30,10644,780,1,15,1,9,4,
2024-07-15 17:46:00,10790,780,1,15,1,9,4,
2024-07-15 17:46:30,10943,780,1,15,1,9,4,
2024-07-15 17:47:00,11085,780,1,15,1,9,4,
2024-07-15 17:47:30,11207,780,1,15,1,9,4,
2024-07-15 17:48:00,11338,780,1,15,1,9,4,
2024-07-15 17:48:30,11487,780,1,15,1,9,4,
2024-07-15 17:49:00,11638,780,1,15,1,9,4,
2024-07-15 17:49:30,11782,780,1,15,1,9,4,
2024-07-15 17:50:00,11909,780,1,15,1,9,4,
2024-07-15 17:50:30,12074,780,1,15,1,9,4,
2024-07-15 17:51:00,12217,780,1,15,1,9,4,
2024-07-15 17:51:30,12356,780,1,15,1,9,4,
2024-07-15 17:52:00,12509,780,1,15,1,9,4,
2024-07-15 17:52:30,12657,780,1,15,1,9,4,
2024-07-15 17:53:00,12815,780,1,15,1,9,4,
2024-07-15 17:53:30,12977,780,1,15,1,9,4,
2024-07-15 17:54:00,13130,780,1,15,1,9,4,
2024-07-15 17:54:30,13290,780,1,15,1,9,4,
2024-07-15 17:55:00,13435,780,1,15,1,9,4,
2024-07-15 17:55:30,13569,780,1,15,1,9,4,
2024-07-15 17:56:00,13703,780,1,15,1,9,4,
2024-07-15 17:56:30,13843,780,1,15,1,9,4,
2024-07-15 17:57:00,13980,780,1,15,1,9,4,
2024-07-15 17:57:30,14151,780,1,15,1,9,4,
2024-07-15 17:58:00,14311,780,1,15,1,9,4,
2024-07-15 17:58:30,14463,780,1,15,1,9,4,
2024-07-15 17:59:00,14592,780,1,15,1,9,4,
2024-07-15 17:59:30,14744,780,1,15,1,9,4,
2024-07-15 18:00:00,14913,795,1,15,1,9,7,
2024-07-15 18:00:30,14996,1042,1,15,1,9,9,2
2024-07-15 18:01:00,15011,1143,1,15,1,9,9,2
2024-07-15 18:01:30,15011,1143,1,15,1,9,9,2
2024-07-15 18:02:00,15011,1143,1,15,1,9,9,2
2024-07-15 18:02:30,15011,1143,1,15,1,9,9,2
2024-07-15 18:03:00,15011,1143,1,15,1,9,9,2
2024-07-15 18:03:30,15011,1143,1,15,1,9,9,2
2024-07-15 18:04:00,15011,1143,1,15,1,9,9,2
2024-07-15 18:04:30,15011,1143,1,15,1,9,9,2
2024-07-15 18:05:00,15011,1143,1,15,1,9,9,2
2024-07-15 18:05:30,15011,1143,1,15,1,9,9,2
2024-07-15 18:06:00,15011,1143,1,15,1,9,7,2
2024-07-15 18:06:30,15011,1143,1,15,1,9,7,2
2024-07-15 18:07:00,15011,1143,1,15,1,9,7,2
2024-07-15 18:07:30,15011,1143,1,15,1,9,7,2
2024-07-15 18:08:00,15011,1143,1,15,1,9,7,2
2024-07-15 18:08:30,15011,1143,1,15,1,9,7,2
2024-07-15 18:09:00,15011,1143,1,15,1,9,7,2
2024-07-15 18:09:30,15011,1143,1,15,1,9,7,2
2024-07-15 18:10:00,15011,1143,1,15,1,9,7,2
2024-07-15 18:10:30,15011,1143,1,15,1,9,7,2
2024-07-15 18:11:00,15011,1143,1,15,1,9,7,2
2024-07-15 18:11:30,15011,1143,1,15,1,9,7,2
2024-07-15 18:12:00,15011,1143,1,15,1,9,7,2
2024-07-15 18:12:30,15011,1143,1,15,1,9,7,2
2024-07-15 18:13:00,15011,1143,1,15,1,9,7,2
2024-07-15 18:13:30,15011,1143,1,15,1,9,7,2
2024-07-15 18:14:00,15011,1143,1,15,1,9,7,2
2024-07-15 18:14:30,15011,1143,1,15,1,9,7,2
2024-07-15 18:15:00,15011,1143,1,15,1,9,7,2
2024-07-15 18:15:30,15011,1143,1,15,1,9,7,2
2024-07-15 18:16:00,15011,1143,1,15,1,9,7,2
2024-07-15 18:16:30,15011,1143,1,15,1,9,7,2
2024-07-15 18:17:00,15011,1143,1,15,1,9,7,2
2024-07-15 18:17:30,15011,1143,1,15,1,9,7,2
2024-07-15 18:18:00,15011,1143,1,15,1,9,7,2
2024-07-15 18:18:30,15011,1143,1,15,1,9,7,2
2024-07-15 18:19:00,15011,1143,1,15,1,9,7,2
2024-07-15 18:19:30,15011,1143,1,15,1,9,7,2
2024-07-15 18:20:00,15011,1143,1,15,1,9,7,2
2024-07-15 18:20:30,15011,1143,1,15,1,9,7,2
2024-07-15 18:21:00,15011,1143,1,15,1,9,7,2
2024-07-15 18:21:30,15011,1143,1,15,1,9,7,2
2024-07-15 18:22:00,15011,1143,1,15,1,9,7,2
2024-07-15 18:22:30,15011,1143,1,15,1,9,7,2
2024-07-15 18:23:00,15011,1143,1,15,1,9,7,2
2024-07-15 18:23:30,15011,1143,1,15,1,9,7,2